source,target,latency_ms,bandwidth_mbps,reservable_bw_mbps,interface_src,interface_dst,next_hop_ipv4_src,next_hop_ipv4_dst
SITE01-DRRTR01-01,SITE01-PRTR01-01,8.03,10000,8502,SITE01-DRRTR01-01:xe-0/0/1,SITE01-PRTR01-01:xe-0/0/1,169.254.1.2,169.254.1.3
SITE01-DRRTR01-01,SITE01-PRTR02-01,2.53,10000,8327,SITE01-DRRTR01-01:xe-0/0/0,SITE01-PRTR02-01:xe-0/0/3,169.254.1.4,169.254.1.5
SITE01-DRRTR02-01,SITE01-PRTR01-01,1.35,10000,7090,SITE01-DRRTR02-01:xe-0/0/0,SITE01-PRTR01-01:xe-0/0/1,169.254.1.6,169.254.1.7
SITE01-DRRTR02-01,SITE01-PRTR02-01,8.88,100000,79713,SITE01-DRRTR02-01:xe-0/0/1,SITE01-PRTR02-01:xe-0/0/3,169.254.1.8,169.254.1.9
SITE01-PECRT01-01,SITE01-PRTR01-01,7.48,10000,8548,SITE01-PECRT01-01:xe-0/0/1,SITE01-PRTR01-01:xe-0/0/3,169.254.1.10,169.254.1.11
SITE01-PECRT01-01,SITE01-PRTR02-01,4.74,10000,7081,SITE01-PECRT01-01:xe-0/0/2,SITE01-PRTR02-01:xe-0/0/0,169.254.1.12,169.254.1.13
SITE01-PECRT02-01,SITE01-PRTR01-01,2.02,10000,7469,SITE01-PECRT02-01:xe-0/0/2,SITE01-PRTR01-01:xe-0/0/2,169.254.1.14,169.254.1.15
SITE01-PECRT02-01,SITE01-PRTR02-01,9.88,100000,77404,SITE01-PECRT02-01:xe-0/0/0,SITE01-PRTR02-01:xe-0/0/3,169.254.1.16,169.254.1.17
SITE01-PERTR01-01,SITE01-PRTR01-01,1.87,40000,34957,SITE01-PERTR01-01:xe-0/0/2,SITE01-PRTR01-01:xe-0/0/1,169.254.1.18,169.254.1.19
SITE01-PERTR01-01,SITE01-PRTR02-01,8.75,10000,8285,SITE01-PERTR01-01:xe-0/0/2,SITE01-PRTR02-01:xe-0/0/0,169.254.1.20,169.254.1.21
SITE01-PERTR02-01,SITE01-PRTR01-01,10.41,10000,7526,SITE01-PERTR02-01:xe-0/0/3,SITE01-PRTR01-01:xe-0/0/2,169.254.1.22,169.254.1.23
SITE01-PERTR02-01,SITE01-PRTR02-01,2.79,40000,28262,SITE01-PERTR02-01:xe-0/0/2,SITE01-PRTR02-01:xe-0/0/0,169.254.1.24,169.254.1.25
SITE01-PRTR01-01,SITE01-PRTR02-01,7.7,10000,7942,SITE01-PRTR01-01:xe-0/0/1,SITE01-PRTR02-01:xe-0/0/1,169.254.1.26,169.254.1.27
SITE01-PRTR01-01,SITE02-PRTR01-02,6.08,40000,36686,SITE01-PRTR01-01:xe-0/0/1,SITE02-PRTR01-02:xe-0/0/2,169.254.1.28,169.254.1.29
SITE01-PRTR01-01,SITE30-PRTR01-30,10.27,10000,7118,SITE01-PRTR01-01:xe-0/0/0,SITE30-PRTR01-30:xe-0/0/2,169.254.1.30,169.254.1.31
SITE01-PRTR02-01,SITE02-PRTR02-02,5.41,10000,7069,SITE01-PRTR02-01:xe-0/0/2,SITE02-PRTR02-02:xe-0/0/1,169.254.1.32,169.254.1.33
SITE01-PRTR02-01,SITE30-PRTR02-30,8.21,40000,35554,SITE01-PRTR02-01:xe-0/0/3,SITE30-PRTR02-30:xe-0/0/1,169.254.1.34,169.254.1.35
SITE02-DRRTR01-02,SITE02-PRTR01-02,3.91,10000,8511,SITE02-DRRTR01-02:xe-0/0/2,SITE02-PRTR01-02:xe-0/0/3,169.254.1.36,169.254.1.37
SITE02-DRRTR01-02,SITE02-PRTR02-02,10.88,40000,29909,SITE02-DRRTR01-02:xe-0/0/1,SITE02-PRTR02-02:xe-0/0/3,169.254.1.38,169.254.1.39
SITE02-DRRTR02-02,SITE02-PRTR01-02,2.0,10000,8824,SITE02-DRRTR02-02:xe-0/0/1,SITE02-PRTR01-02:xe-0/0/1,169.254.1.40,169.254.1.41
SITE02-DRRTR02-02,SITE02-PRTR02-02,9.71,40000,32441,SITE02-DRRTR02-02:xe-0/0/3,SITE02-PRTR02-02:xe-0/0/3,169.254.1.42,169.254.1.43
SITE02-PECRT01-02,SITE02-PRTR01-02,7.55,40000,31714,SITE02-PECRT01-02:xe-0/0/0,SITE02-PRTR01-02:xe-0/0/0,169.254.1.44,169.254.1.45
SITE02-PECRT01-02,SITE02-PRTR02-02,8.5,100000,85273,SITE02-PECRT01-02:xe-0/0/2,SITE02-PRTR02-02:xe-0/0/0,169.254.1.46,169.254.1.47
SITE02-PECRT02-02,SITE02-PRTR01-02,4.23,10000,7725,SITE02-PECRT02-02:xe-0/0/2,SITE02-PRTR01-02:xe-0/0/1,169.254.1.48,169.254.1.49
SITE02-PECRT02-02,SITE02-PRTR02-02,6.58,10000,8850,SITE02-PECRT02-02:xe-0/0/2,SITE02-PRTR02-02:xe-0/0/1,169.254.1.50,169.254.1.51
SITE02-PECRT03-02,SITE02-PRTR01-02,2.68,10000,7956,SITE02-PECRT03-02:xe-0/0/0,SITE02-PRTR01-02:xe-0/0/2,169.254.1.52,169.254.1.53
SITE02-PECRT03-02,SITE02-PRTR02-02,6.37,10000,9008,SITE02-PECRT03-02:xe-0/0/2,SITE02-PRTR02-02:xe-0/0/1,169.254.1.54,169.254.1.55
SITE02-PERTR01-02,SITE02-PRTR01-02,1.64,100000,90567,SITE02-PERTR01-02:xe-0/0/0,SITE02-PRTR01-02:xe-0/0/3,169.254.1.56,169.254.1.57
SITE02-PERTR01-02,SITE02-PRTR02-02,9.98,100000,85677,SITE02-PERTR01-02:xe-0/0/1,SITE02-PRTR02-02:xe-0/0/3,169.254.1.58,169.254.1.59
SITE02-PERTR02-02,SITE02-PRTR01-02,11.42,10000,7215,SITE02-PERTR02-02:xe-0/0/3,SITE02-PRTR01-02:xe-0/0/1,169.254.1.60,169.254.1.61
SITE02-PERTR02-02,SITE02-PRTR02-02,11.22,100000,83626,SITE02-PERTR02-02:xe-0/0/2,SITE02-PRTR02-02:xe-0/0/3,169.254.1.62,169.254.1.63
SITE02-PRTR01-02,SITE02-PRTR02-02,11.95,100000,75082,SITE02-PRTR01-02:xe-0/0/3,SITE02-PRTR02-02:xe-0/0/0,169.254.1.64,169.254.1.65
SITE02-PRTR01-02,SITE03-PRTR01-03,3.73,10000,7412,SITE02-PRTR01-02:xe-0/0/1,SITE03-PRTR01-03:xe-0/0/1,169.254.1.66,169.254.1.67
SITE02-PRTR02-02,SITE03-PRTR02-03,1.08,100000,82039,SITE02-PRTR02-02:xe-0/0/1,SITE03-PRTR02-03:xe-0/0/0,169.254.1.68,169.254.1.69
SITE03-DRRTR01-03,SITE03-PRTR01-03,10.96,40000,26765,SITE03-DRRTR01-03:xe-0/0/1,SITE03-PRTR01-03:xe-0/0/2,169.254.1.70,169.254.1.71
SITE03-DRRTR01-03,SITE03-PRTR02-03,8.36,10000,7955,SITE03-DRRTR01-03:xe-0/0/3,SITE03-PRTR02-03:xe-0/0/1,169.254.1.72,169.254.1.73
SITE03-DRRTR02-03,SITE03-PRTR01-03,9.63,40000,28056,SITE03-DRRTR02-03:xe-0/0/0,SITE03-PRTR01-03:xe-0/0/3,169.254.1.74,169.254.1.75
SITE03-DRRTR02-03,SITE03-PRTR02-03,4.9,40000,31043,SITE03-DRRTR02-03:xe-0/0/0,SITE03-PRTR02-03:xe-0/0/0,169.254.1.76,169.254.1.77
SITE03-PECRT01-03,SITE03-PRTR01-03,1.67,100000,74161,SITE03-PECRT01-03:xe-0/0/0,SITE03-PRTR01-03:xe-0/0/1,169.254.1.78,169.254.1.79
SITE03-PECRT01-03,SITE03-PRTR02-03,3.11,100000,77112,SITE03-PECRT01-03:xe-0/0/3,SITE03-PRTR02-03:xe-0/0/1,169.254.1.80,169.254.1.81
SITE03-PECRT02-03,SITE03-PRTR01-03,4.06,10000,8861,SITE03-PECRT02-03:xe-0/0/0,SITE03-PRTR01-03:xe-0/0/3,169.254.1.82,169.254.1.83
SITE03-PECRT02-03,SITE03-PRTR02-03,9.89,100000,67643,SITE03-PECRT02-03:xe-0/0/0,SITE03-PRTR02-03:xe-0/0/0,169.254.1.84,169.254.1.85
SITE03-PERTR01-03,SITE03-PRTR01-03,11.19,10000,6949,SITE03-PERTR01-03:xe-0/0/3,SITE03-PRTR01-03:xe-0/0/3,169.254.1.86,169.254.1.87
SITE03-PERTR01-03,SITE03-PRTR02-03,3.35,40000,35746,SITE03-PERTR01-03:xe-0/0/1,SITE03-PRTR02-03:xe-0/0/3,169.254.1.88,169.254.1.89
SITE03-PERTR02-03,SITE03-PRTR01-03,1.02,40000,28864,SITE03-PERTR02-03:xe-0/0/3,SITE03-PRTR01-03:xe-0/0/2,169.254.1.90,169.254.1.91
SITE03-PERTR02-03,SITE03-PRTR02-03,5.65,100000,91876,SITE03-PERTR02-03:xe-0/0/3,SITE03-PRTR02-03:xe-0/0/1,169.254.1.92,169.254.1.93
SITE03-PRTR01-03,SITE03-PRTR02-03,3.09,10000,9115,SITE03-PRTR01-03:xe-0/0/0,SITE03-PRTR02-03:xe-0/0/2,169.254.1.94,169.254.1.95
SITE03-PRTR01-03,SITE04-PRTR01-04,1.63,100000,77873,SITE03-PRTR01-03:xe-0/0/1,SITE04-PRTR01-04:xe-0/0/0,169.254.1.96,169.254.1.97
SITE03-PRTR02-03,SITE04-PRTR02-04,11.57,10000,8798,SITE03-PRTR02-03:xe-0/0/0,SITE04-PRTR02-04:xe-0/0/0,169.254.1.98,169.254.1.99
SITE04-DRRTR01-04,SITE04-PRTR01-04,8.43,10000,7590,SITE04-DRRTR01-04:xe-0/0/1,SITE04-PRTR01-04:xe-0/0/0,169.254.1.100,169.254.1.101
SITE04-DRRTR01-04,SITE04-PRTR02-04,7.81,40000,33099,SITE04-DRRTR01-04:xe-0/0/2,SITE04-PRTR02-04:xe-0/0/2,169.254.1.102,169.254.1.103
SITE04-DRRTR02-04,SITE04-PRTR01-04,3.25,100000,73482,SITE04-DRRTR02-04:xe-0/0/2,SITE04-PRTR01-04:xe-0/0/3,169.254.1.104,169.254.1.105
SITE04-DRRTR02-04,SITE04-PRTR02-04,2.44,100000,73099,SITE04-DRRTR02-04:xe-0/0/2,SITE04-PRTR02-04:xe-0/0/0,169.254.1.106,169.254.1.107
SITE04-PECRT01-04,SITE04-PRTR01-04,1.1,100000,91958,SITE04-PECRT01-04:xe-0/0/0,SITE04-PRTR01-04:xe-0/0/0,169.254.1.108,169.254.1.109
SITE04-PECRT01-04,SITE04-PRTR02-04,6.91,100000,72160,SITE04-PECRT01-04:xe-0/0/2,SITE04-PRTR02-04:xe-0/0/0,169.254.1.110,169.254.1.111
SITE04-PECRT02-04,SITE04-PRTR01-04,10.67,40000,29077,SITE04-PECRT02-04:xe-0/0/3,SITE04-PRTR01-04:xe-0/0/2,169.254.1.112,169.254.1.113
SITE04-PECRT02-04,SITE04-PRTR02-04,7.73,100000,79281,SITE04-PECRT02-04:xe-0/0/2,SITE04-PRTR02-04:xe-0/0/0,169.254.1.114,169.254.1.115
SITE04-PECRT03-04,SITE04-PRTR01-04,11.33,10000,7214,SITE04-PECRT03-04:xe-0/0/0,SITE04-PRTR01-04:xe-0/0/1,169.254.1.116,169.254.1.117
SITE04-PECRT03-04,SITE04-PRTR02-04,4.0,100000,70687,SITE04-PECRT03-04:xe-0/0/2,SITE04-PRTR02-04:xe-0/0/1,169.254.1.118,169.254.1.119
SITE04-PERTR01-04,SITE04-PRTR01-04,8.56,40000,31458,SITE04-PERTR01-04:xe-0/0/2,SITE04-PRTR01-04:xe-0/0/0,169.254.1.120,169.254.1.121
SITE04-PERTR01-04,SITE04-PRTR02-04,2.02,40000,34956,SITE04-PERTR01-04:xe-0/0/0,SITE04-PRTR02-04:xe-0/0/0,169.254.1.122,169.254.1.123
SITE04-PERTR02-04,SITE04-PRTR01-04,4.67,10000,8220,SITE04-PERTR02-04:xe-0/0/2,SITE04-PRTR01-04:xe-0/0/1,169.254.1.124,169.254.1.125
SITE04-PERTR02-04,SITE04-PRTR02-04,9.15,100000,84053,SITE04-PERTR02-04:xe-0/0/0,SITE04-PRTR02-04:xe-0/0/0,169.254.1.126,169.254.1.127
SITE04-PRTR01-04,SITE04-PRTR02-04,1.83,100000,89406,SITE04-PRTR01-04:xe-0/0/0,SITE04-PRTR02-04:xe-0/0/2,169.254.1.128,169.254.1.129
SITE04-PRTR01-04,SITE05-PRTR01-05,7.41,10000,7660,SITE04-PRTR01-04:xe-0/0/0,SITE05-PRTR01-05:xe-0/0/2,169.254.1.130,169.254.1.131
SITE04-PRTR02-04,SITE05-PRTR02-05,5.01,10000,8927,SITE04-PRTR02-04:xe-0/0/1,SITE05-PRTR02-05:xe-0/0/1,169.254.1.132,169.254.1.133
SITE05-DRRTR01-05,SITE05-PRTR01-05,8.34,40000,34425,SITE05-DRRTR01-05:xe-0/0/3,SITE05-PRTR01-05:xe-0/0/1,169.254.1.134,169.254.1.135
SITE05-DRRTR01-05,SITE05-PRTR02-05,11.18,10000,8834,SITE05-DRRTR01-05:xe-0/0/1,SITE05-PRTR02-05:xe-0/0/3,169.254.1.136,169.254.1.137
SITE05-DRRTR02-05,SITE05-PRTR01-05,1.27,100000,89961,SITE05-DRRTR02-05:xe-0/0/3,SITE05-PRTR01-05:xe-0/0/1,169.254.1.138,169.254.1.139
SITE05-DRRTR02-05,SITE05-PRTR02-05,3.93,100000,67918,SITE05-DRRTR02-05:xe-0/0/0,SITE05-PRTR02-05:xe-0/0/3,169.254.1.140,169.254.1.141
SITE05-PECRT01-05,SITE05-PRTR01-05,3.45,40000,29776,SITE05-PECRT01-05:xe-0/0/1,SITE05-PRTR01-05:xe-0/0/1,169.254.1.142,169.254.1.143
SITE05-PECRT01-05,SITE05-PRTR02-05,1.26,10000,7575,SITE05-PECRT01-05:xe-0/0/2,SITE05-PRTR02-05:xe-0/0/0,169.254.1.144,169.254.1.145
SITE05-PECRT02-05,SITE05-PRTR01-05,11.64,40000,29792,SITE05-PECRT02-05:xe-0/0/3,SITE05-PRTR01-05:xe-0/0/2,169.254.1.146,169.254.1.147
SITE05-PECRT02-05,SITE05-PRTR02-05,11.33,10000,8868,SITE05-PECRT02-05:xe-0/0/2,SITE05-PRTR02-05:xe-0/0/1,169.254.1.148,169.254.1.149
SITE05-PERTR01-05,SITE05-PRTR01-05,7.39,40000,26413,SITE05-PERTR01-05:xe-0/0/3,SITE05-PRTR01-05:xe-0/0/2,169.254.1.150,169.254.1.151
SITE05-PERTR01-05,SITE05-PRTR02-05,9.01,40000,30713,SITE05-PERTR01-05:xe-0/0/0,SITE05-PRTR02-05:xe-0/0/3,169.254.1.152,169.254.1.153
SITE05-PERTR02-05,SITE05-PRTR01-05,10.89,10000,7187,SITE05-PERTR02-05:xe-0/0/3,SITE05-PRTR01-05:xe-0/0/0,169.254.1.154,169.254.1.155
SITE05-PERTR02-05,SITE05-PRTR02-05,6.72,100000,83545,SITE05-PERTR02-05:xe-0/0/1,SITE05-PRTR02-05:xe-0/0/2,169.254.1.156,169.254.1.157
SITE05-PRTR01-05,SITE05-PRTR02-05,5.74,100000,89860,SITE05-PRTR01-05:xe-0/0/2,SITE05-PRTR02-05:xe-0/0/0,169.254.1.158,169.254.1.159
SITE05-PRTR01-05,SITE06-PRTR01-06,8.92,40000,31476,SITE05-PRTR01-05:xe-0/0/3,SITE06-PRTR01-06:xe-0/0/2,169.254.1.160,169.254.1.161
SITE05-PRTR02-05,SITE06-PRTR02-06,5.43,40000,31987,SITE05-PRTR02-05:xe-0/0/1,SITE06-PRTR02-06:xe-0/0/3,169.254.1.162,169.254.1.163
SITE06-DRRTR01-06,SITE06-PRTR01-06,8.31,40000,33315,SITE06-DRRTR01-06:xe-0/0/1,SITE06-PRTR01-06:xe-0/0/2,169.254.1.164,169.254.1.165
SITE06-DRRTR01-06,SITE06-PRTR02-06,5.47,10000,7320,SITE06-DRRTR01-06:xe-0/0/1,SITE06-PRTR02-06:xe-0/0/3,169.254.1.166,169.254.1.167
SITE06-DRRTR02-06,SITE06-PRTR01-06,9.64,100000,82677,SITE06-DRRTR02-06:xe-0/0/3,SITE06-PRTR01-06:xe-0/0/3,169.254.1.168,169.254.1.169
SITE06-DRRTR02-06,SITE06-PRTR02-06,5.86,10000,7880,SITE06-DRRTR02-06:xe-0/0/1,SITE06-PRTR02-06:xe-0/0/0,169.254.1.170,169.254.1.171
SITE06-PECRT01-06,SITE06-PRTR01-06,4.12,100000,82089,SITE06-PECRT01-06:xe-0/0/2,SITE06-PRTR01-06:xe-0/0/0,169.254.1.172,169.254.1.173
SITE06-PECRT01-06,SITE06-PRTR02-06,10.0,10000,8316,SITE06-PECRT01-06:xe-0/0/1,SITE06-PRTR02-06:xe-0/0/1,169.254.1.174,169.254.1.175
SITE06-PECRT02-06,SITE06-PRTR01-06,2.62,10000,7161,SITE06-PECRT02-06:xe-0/0/3,SITE06-PRTR01-06:xe-0/0/0,169.254.1.176,169.254.1.177
SITE06-PECRT02-06,SITE06-PRTR02-06,6.01,100000,80543,SITE06-PECRT02-06:xe-0/0/3,SITE06-PRTR02-06:xe-0/0/3,169.254.1.178,169.254.1.179
SITE06-PECRT03-06,SITE06-PRTR01-06,5.4,10000,8271,SITE06-PECRT03-06:xe-0/0/0,SITE06-PRTR01-06:xe-0/0/0,169.254.1.180,169.254.1.181
SITE06-PECRT03-06,SITE06-PRTR02-06,9.56,10000,6974,SITE06-PECRT03-06:xe-0/0/3,SITE06-PRTR02-06:xe-0/0/0,169.254.1.182,169.254.1.183
SITE06-PERTR01-06,SITE06-PRTR01-06,7.13,10000,7732,SITE06-PERTR01-06:xe-0/0/3,SITE06-PRTR01-06:xe-0/0/2,169.254.1.184,169.254.1.185
SITE06-PERTR01-06,SITE06-PRTR02-06,11.45,40000,32616,SITE06-PERTR01-06:xe-0/0/3,SITE06-PRTR02-06:xe-0/0/3,169.254.1.186,169.254.1.187
SITE06-PERTR02-06,SITE06-PRTR01-06,10.87,100000,88260,SITE06-PERTR02-06:xe-0/0/3,SITE06-PRTR01-06:xe-0/0/2,169.254.1.188,169.254.1.189
SITE06-PERTR02-06,SITE06-PRTR02-06,9.27,100000,72487,SITE06-PERTR02-06:xe-0/0/3,SITE06-PRTR02-06:xe-0/0/1,169.254.1.190,169.254.1.191
SITE06-PRTR01-06,SITE06-PRTR02-06,4.02,10000,8426,SITE06-PRTR01-06:xe-0/0/1,SITE06-PRTR02-06:xe-0/0/2,169.254.1.192,169.254.1.193
SITE06-PRTR01-06,SITE07-PRTR01-07,4.69,100000,67175,SITE06-PRTR01-06:xe-0/0/1,SITE07-PRTR01-07:xe-0/0/1,169.254.1.194,169.254.1.195
SITE06-PRTR02-06,SITE07-PRTR02-07,5.21,10000,8407,SITE06-PRTR02-06:xe-0/0/0,SITE07-PRTR02-07:xe-0/0/3,169.254.1.196,169.254.1.197
SITE07-DRRTR01-07,SITE07-PRTR01-07,5.48,100000,77579,SITE07-DRRTR01-07:xe-0/0/0,SITE07-PRTR01-07:xe-0/0/1,169.254.1.198,169.254.1.199
SITE07-DRRTR01-07,SITE07-PRTR02-07,10.16,40000,35772,SITE07-DRRTR01-07:xe-0/0/0,SITE07-PRTR02-07:xe-0/0/3,169.254.1.200,169.254.1.201
SITE07-DRRTR02-07,SITE07-PRTR01-07,6.25,40000,29225,SITE07-DRRTR02-07:xe-0/0/3,SITE07-PRTR01-07:xe-0/0/3,169.254.1.202,169.254.1.203
SITE07-DRRTR02-07,SITE07-PRTR02-07,6.92,100000,79745,SITE07-DRRTR02-07:xe-0/0/1,SITE07-PRTR02-07:xe-0/0/3,169.254.1.204,169.254.1.205
SITE07-PECRT01-07,SITE07-PRTR01-07,3.41,40000,31244,SITE07-PECRT01-07:xe-0/0/3,SITE07-PRTR01-07:xe-0/0/2,169.254.1.206,169.254.1.207
SITE07-PECRT01-07,SITE07-PRTR02-07,8.36,40000,33821,SITE07-PECRT01-07:xe-0/0/3,SITE07-PRTR02-07:xe-0/0/1,169.254.1.208,169.254.1.209
SITE07-PECRT02-07,SITE07-PRTR01-07,11.79,100000,65728,SITE07-PECRT02-07:xe-0/0/3,SITE07-PRTR01-07:xe-0/0/0,169.254.1.210,169.254.1.211
SITE07-PECRT02-07,SITE07-PRTR02-07,1.92,40000,27465,SITE07-PECRT02-07:xe-0/0/3,SITE07-PRTR02-07:xe-0/0/1,169.254.1.212,169.254.1.213
SITE07-PERTR01-07,SITE07-PRTR01-07,1.55,40000,29535,SITE07-PERTR01-07:xe-0/0/3,SITE07-PRTR01-07:xe-0/0/2,169.254.1.214,169.254.1.215
SITE07-PERTR01-07,SITE07-PRTR02-07,4.71,40000,29005,SITE07-PERTR01-07:xe-0/0/3,SITE07-PRTR02-07:xe-0/0/2,169.254.1.216,169.254.1.217
SITE07-PERTR02-07,SITE07-PRTR01-07,10.18,40000,26209,SITE07-PERTR02-07:xe-0/0/0,SITE07-PRTR01-07:xe-0/0/2,169.254.1.218,169.254.1.219
SITE07-PERTR02-07,SITE07-PRTR02-07,3.47,10000,8609,SITE07-PERTR02-07:xe-0/0/0,SITE07-PRTR02-07:xe-0/0/0,169.254.1.220,169.254.1.221
SITE07-PRTR01-07,SITE07-PRTR02-07,11.45,10000,8765,SITE07-PRTR01-07:xe-0/0/1,SITE07-PRTR02-07:xe-0/0/1,169.254.1.222,169.254.1.223
SITE07-PRTR01-07,SITE08-PRTR01-08,2.39,100000,68088,SITE07-PRTR01-07:xe-0/0/1,SITE08-PRTR01-08:xe-0/0/3,169.254.1.224,169.254.1.225
SITE07-PRTR02-07,SITE08-PRTR02-08,8.69,40000,27812,SITE07-PRTR02-07:xe-0/0/0,SITE08-PRTR02-08:xe-0/0/1,169.254.1.226,169.254.1.227
SITE08-DRRTR01-08,SITE08-PRTR01-08,11.61,10000,8062,SITE08-DRRTR01-08:xe-0/0/2,SITE08-PRTR01-08:xe-0/0/3,169.254.1.228,169.254.1.229
SITE08-DRRTR01-08,SITE08-PRTR02-08,5.36,100000,70354,SITE08-DRRTR01-08:xe-0/0/1,SITE08-PRTR02-08:xe-0/0/0,169.254.1.230,169.254.1.231
SITE08-DRRTR02-08,SITE08-PRTR01-08,8.67,40000,35183,SITE08-DRRTR02-08:xe-0/0/0,SITE08-PRTR01-08:xe-0/0/0,169.254.1.232,169.254.1.233
SITE08-DRRTR02-08,SITE08-PRTR02-08,4.82,40000,33144,SITE08-DRRTR02-08:xe-0/0/0,SITE08-PRTR02-08:xe-0/0/2,169.254.1.234,169.254.1.235
SITE08-PECRT01-08,SITE08-PRTR01-08,1.14,40000,34881,SITE08-PECRT01-08:xe-0/0/0,SITE08-PRTR01-08:xe-0/0/3,169.254.1.236,169.254.1.237
SITE08-PECRT01-08,SITE08-PRTR02-08,11.57,100000,89072,SITE08-PECRT01-08:xe-0/0/3,SITE08-PRTR02-08:xe-0/0/1,169.254.1.238,169.254.1.239
SITE08-PECRT02-08,SITE08-PRTR01-08,5.79,100000,79087,SITE08-PECRT02-08:xe-0/0/2,SITE08-PRTR01-08:xe-0/0/3,169.254.1.240,169.254.1.241
SITE08-PECRT02-08,SITE08-PRTR02-08,6.11,100000,80996,SITE08-PECRT02-08:xe-0/0/2,SITE08-PRTR02-08:xe-0/0/1,169.254.1.242,169.254.1.243
SITE08-PECRT03-08,SITE08-PRTR01-08,10.14,10000,7253,SITE08-PECRT03-08:xe-0/0/3,SITE08-PRTR01-08:xe-0/0/1,169.254.1.244,169.254.1.245
SITE08-PECRT03-08,SITE08-PRTR02-08,9.26,100000,81478,SITE08-PECRT03-08:xe-0/0/3,SITE08-PRTR02-08:xe-0/0/2,169.254.1.246,169.254.1.247
SITE08-PERTR01-08,SITE08-PRTR01-08,1.32,40000,27963,SITE08-PERTR01-08:xe-0/0/1,SITE08-PRTR01-08:xe-0/0/2,169.254.1.248,169.254.1.249
SITE08-PERTR01-08,SITE08-PRTR02-08,9.78,40000,29020,SITE08-PERTR01-08:xe-0/0/2,SITE08-PRTR02-08:xe-0/0/0,169.254.1.250,169.254.1.1
SITE08-PERTR02-08,SITE08-PRTR01-08,6.68,10000,6731,SITE08-PERTR02-08:xe-0/0/3,SITE08-PRTR01-08:xe-0/0/3,169.254.2.2,169.254.2.3
SITE08-PERTR02-08,SITE08-PRTR02-08,7.11,10000,8364,SITE08-PERTR02-08:xe-0/0/3,SITE08-PRTR02-08:xe-0/0/3,169.254.2.4,169.254.2.5
SITE08-PRTR01-08,SITE08-PRTR02-08,9.72,10000,7294,SITE08-PRTR01-08:xe-0/0/3,SITE08-PRTR02-08:xe-0/0/1,169.254.2.6,169.254.2.7
SITE08-PRTR01-08,SITE09-PRTR01-09,4.37,100000,74963,SITE08-PRTR01-08:xe-0/0/2,SITE09-PRTR01-09:xe-0/0/3,169.254.2.8,169.254.2.9
SITE08-PRTR02-08,SITE09-PRTR02-09,11.96,100000,73931,SITE08-PRTR02-08:xe-0/0/3,SITE09-PRTR02-09:xe-0/0/2,169.254.2.10,169.254.2.11
SITE09-DRRTR01-09,SITE09-PRTR01-09,4.37,10000,6825,SITE09-DRRTR01-09:xe-0/0/1,SITE09-PRTR01-09:xe-0/0/2,169.254.2.12,169.254.2.13
SITE09-DRRTR01-09,SITE09-PRTR02-09,2.32,100000,90673,SITE09-DRRTR01-09:xe-0/0/1,SITE09-PRTR02-09:xe-0/0/1,169.254.2.14,169.254.2.15
SITE09-DRRTR02-09,SITE09-PRTR01-09,3.38,40000,28986,SITE09-DRRTR02-09:xe-0/0/2,SITE09-PRTR01-09:xe-0/0/0,169.254.2.16,169.254.2.17
SITE09-DRRTR02-09,SITE09-PRTR02-09,10.16,40000,28456,SITE09-DRRTR02-09:xe-0/0/1,SITE09-PRTR02-09:xe-0/0/2,169.254.2.18,169.254.2.19
SITE09-PECRT01-09,SITE09-PRTR01-09,1.16,100000,68417,SITE09-PECRT01-09:xe-0/0/0,SITE09-PRTR01-09:xe-0/0/0,169.254.2.20,169.254.2.21
SITE09-PECRT01-09,SITE09-PRTR02-09,7.09,100000,90490,SITE09-PECRT01-09:xe-0/0/3,SITE09-PRTR02-09:xe-0/0/0,169.254.2.22,169.254.2.23
SITE09-PECRT02-09,SITE09-PRTR01-09,10.6,100000,72677,SITE09-PECRT02-09:xe-0/0/3,SITE09-PRTR01-09:xe-0/0/3,169.254.2.24,169.254.2.25
SITE09-PECRT02-09,SITE09-PRTR02-09,4.75,10000,7181,SITE09-PECRT02-09:xe-0/0/3,SITE09-PRTR02-09:xe-0/0/0,169.254.2.26,169.254.2.27
SITE09-PERTR01-09,SITE09-PRTR01-09,10.04,40000,31310,SITE09-PERTR01-09:xe-0/0/0,SITE09-PRTR01-09:xe-0/0/1,169.254.2.28,169.254.2.29
SITE09-PERTR01-09,SITE09-PRTR02-09,2.64,100000,90626,SITE09-PERTR01-09:xe-0/0/0,SITE09-PRTR02-09:xe-0/0/1,169.254.2.30,169.254.2.31
SITE09-PERTR02-09,SITE09-PRTR01-09,2.3,40000,32548,SITE09-PERTR02-09:xe-0/0/1,SITE09-PRTR01-09:xe-0/0/3,169.254.2.32,169.254.2.33
SITE09-PERTR02-09,SITE09-PRTR02-09,5.96,40000,29211,SITE09-PERTR02-09:xe-0/0/3,SITE09-PRTR02-09:xe-0/0/2,169.254.2.34,169.254.2.35
SITE09-PRTR01-09,SITE09-PRTR02-09,7.25,10000,8146,SITE09-PRTR01-09:xe-0/0/0,SITE09-PRTR02-09:xe-0/0/1,169.254.2.36,169.254.2.37
SITE09-PRTR01-09,SITE10-PRTR01-10,7.88,40000,33132,SITE09-PRTR01-09:xe-0/0/1,SITE10-PRTR01-10:xe-0/0/1,169.254.2.38,169.254.2.39
SITE09-PRTR02-09,SITE10-PRTR02-10,2.91,10000,6922,SITE09-PRTR02-09:xe-0/0/3,SITE10-PRTR02-10:xe-0/0/3,169.254.2.40,169.254.2.41
SITE10-DRRTR01-10,SITE10-PRTR01-10,8.58,40000,29145,SITE10-DRRTR01-10:xe-0/0/1,SITE10-PRTR01-10:xe-0/0/2,169.254.2.42,169.254.2.43
SITE10-DRRTR01-10,SITE10-PRTR02-10,8.78,100000,88209,SITE10-DRRTR01-10:xe-0/0/0,SITE10-PRTR02-10:xe-0/0/1,169.254.2.44,169.254.2.45
SITE10-DRRTR02-10,SITE10-PRTR01-10,11.16,100000,80924,SITE10-DRRTR02-10:xe-0/0/1,SITE10-PRTR01-10:xe-0/0/3,169.254.2.46,169.254.2.47
SITE10-DRRTR02-10,SITE10-PRTR02-10,2.26,10000,8248,SITE10-DRRTR02-10:xe-0/0/2,SITE10-PRTR02-10:xe-0/0/1,169.254.2.48,169.254.2.49
SITE10-PECRT01-10,SITE10-PRTR01-10,1.79,10000,8640,SITE10-PECRT01-10:xe-0/0/2,SITE10-PRTR01-10:xe-0/0/3,169.254.2.50,169.254.2.51
SITE10-PECRT01-10,SITE10-PRTR02-10,2.37,100000,73210,SITE10-PECRT01-10:xe-0/0/3,SITE10-PRTR02-10:xe-0/0/2,169.254.2.52,169.254.2.53
SITE10-PECRT02-10,SITE10-PRTR01-10,6.51,40000,30727,SITE10-PECRT02-10:xe-0/0/0,SITE10-PRTR01-10:xe-0/0/3,169.254.2.54,169.254.2.55
SITE10-PECRT02-10,SITE10-PRTR02-10,9.08,100000,71759,SITE10-PECRT02-10:xe-0/0/0,SITE10-PRTR02-10:xe-0/0/1,169.254.2.56,169.254.2.57
SITE10-PECRT03-10,SITE10-PRTR01-10,11.58,100000,80852,SITE10-PECRT03-10:xe-0/0/0,SITE10-PRTR01-10:xe-0/0/2,169.254.2.58,169.254.2.59
SITE10-PECRT03-10,SITE10-PRTR02-10,7.34,10000,7770,SITE10-PECRT03-10:xe-0/0/3,SITE10-PRTR02-10:xe-0/0/2,169.254.2.60,169.254.2.61
SITE10-PERTR01-10,SITE10-PRTR01-10,3.0,100000,76768,SITE10-PERTR01-10:xe-0/0/3,SITE10-PRTR01-10:xe-0/0/0,169.254.2.62,169.254.2.63
SITE10-PERTR01-10,SITE10-PRTR02-10,6.17,40000,29599,SITE10-PERTR01-10:xe-0/0/0,SITE10-PRTR02-10:xe-0/0/1,169.254.2.64,169.254.2.65
SITE10-PERTR02-10,SITE10-PRTR01-10,4.63,100000,78377,SITE10-PERTR02-10:xe-0/0/3,SITE10-PRTR01-10:xe-0/0/0,169.254.2.66,169.254.2.67
SITE10-PERTR02-10,SITE10-PRTR02-10,6.0,40000,28725,SITE10-PERTR02-10:xe-0/0/0,SITE10-PRTR02-10:xe-0/0/3,169.254.2.68,169.254.2.69
SITE10-PRTR01-10,SITE10-PRTR02-10,10.51,10000,8275,SITE10-PRTR01-10:xe-0/0/3,SITE10-PRTR02-10:xe-0/0/3,169.254.2.70,169.254.2.71
SITE10-PRTR01-10,SITE11-PRTR01-11,1.6,100000,74768,SITE10-PRTR01-10:xe-0/0/3,SITE11-PRTR01-11:xe-0/0/3,169.254.2.72,169.254.2.73
SITE10-PRTR02-10,SITE11-PRTR02-11,9.36,10000,7221,SITE10-PRTR02-10:xe-0/0/1,SITE11-PRTR02-11:xe-0/0/2,169.254.2.74,169.254.2.75
SITE11-DRRTR01-11,SITE11-PRTR01-11,5.82,100000,78087,SITE11-DRRTR01-11:xe-0/0/0,SITE11-PRTR01-11:xe-0/0/1,169.254.2.76,169.254.2.77
SITE11-DRRTR01-11,SITE11-PRTR02-11,8.81,40000,31949,SITE11-DRRTR01-11:xe-0/0/3,SITE11-PRTR02-11:xe-0/0/0,169.254.2.78,169.254.2.79
SITE11-DRRTR02-11,SITE11-PRTR01-11,3.47,10000,7745,SITE11-DRRTR02-11:xe-0/0/0,SITE11-PRTR01-11:xe-0/0/1,169.254.2.80,169.254.2.81
SITE11-DRRTR02-11,SITE11-PRTR02-11,6.48,100000,72880,SITE11-DRRTR02-11:xe-0/0/2,SITE11-PRTR02-11:xe-0/0/3,169.254.2.82,169.254.2.83
SITE11-PECRT01-11,SITE11-PRTR01-11,10.18,40000,28632,SITE11-PECRT01-11:xe-0/0/1,SITE11-PRTR01-11:xe-0/0/3,169.254.2.84,169.254.2.85
SITE11-PECRT01-11,SITE11-PRTR02-11,3.1,100000,78722,SITE11-PECRT01-11:xe-0/0/1,SITE11-PRTR02-11:xe-0/0/0,169.254.2.86,169.254.2.87
SITE11-PECRT02-11,SITE11-PRTR01-11,4.04,40000,29670,SITE11-PECRT02-11:xe-0/0/2,SITE11-PRTR01-11:xe-0/0/0,169.254.2.88,169.254.2.89
SITE11-PECRT02-11,SITE11-PRTR02-11,4.11,40000,35044,SITE11-PECRT02-11:xe-0/0/3,SITE11-PRTR02-11:xe-0/0/1,169.254.2.90,169.254.2.91
SITE11-PERTR01-11,SITE11-PRTR01-11,5.91,40000,29727,SITE11-PERTR01-11:xe-0/0/3,SITE11-PRTR01-11:xe-0/0/3,169.254.2.92,169.254.2.93
SITE11-PERTR01-11,SITE11-PRTR02-11,11.26,10000,9148,SITE11-PERTR01-11:xe-0/0/1,SITE11-PRTR02-11:xe-0/0/3,169.254.2.94,169.254.2.95
SITE11-PERTR02-11,SITE11-PRTR01-11,3.57,40000,26471,SITE11-PERTR02-11:xe-0/0/3,SITE11-PRTR01-11:xe-0/0/3,169.254.2.96,169.254.2.97
SITE11-PERTR02-11,SITE11-PRTR02-11,5.25,100000,86394,SITE11-PERTR02-11:xe-0/0/1,SITE11-PRTR02-11:xe-0/0/3,169.254.2.98,169.254.2.99
SITE11-PRTR01-11,SITE11-PRTR02-11,11.61,10000,7856,SITE11-PRTR01-11:xe-0/0/2,SITE11-PRTR02-11:xe-0/0/0,169.254.2.100,169.254.2.101
SITE11-PRTR01-11,SITE12-PRTR01-12,10.62,40000,27076,SITE11-PRTR01-11:xe-0/0/3,SITE12-PRTR01-12:xe-0/0/0,169.254.2.102,169.254.2.103
SITE11-PRTR02-11,SITE12-PRTR02-12,8.95,40000,35406,SITE11-PRTR02-11:xe-0/0/1,SITE12-PRTR02-12:xe-0/0/0,169.254.2.104,169.254.2.105
SITE12-DRRTR01-12,SITE12-PRTR01-12,6.16,40000,29656,SITE12-DRRTR01-12:xe-0/0/3,SITE12-PRTR01-12:xe-0/0/0,169.254.2.106,169.254.2.107
SITE12-DRRTR01-12,SITE12-PRTR02-12,10.37,100000,88202,SITE12-DRRTR01-12:xe-0/0/3,SITE12-PRTR02-12:xe-0/0/2,169.254.2.108,169.254.2.109
SITE12-DRRTR02-12,SITE12-PRTR01-12,7.89,40000,35421,SITE12-DRRTR02-12:xe-0/0/0,SITE12-PRTR01-12:xe-0/0/0,169.254.2.110,169.254.2.111
SITE12-DRRTR02-12,SITE12-PRTR02-12,3.58,100000,89865,SITE12-DRRTR02-12:xe-0/0/1,SITE12-PRTR02-12:xe-0/0/0,169.254.2.112,169.254.2.113
SITE12-PECRT01-12,SITE12-PRTR01-12,5.77,10000,8552,SITE12-PECRT01-12:xe-0/0/0,SITE12-PRTR01-12:xe-0/0/3,169.254.2.114,169.254.2.115
SITE12-PECRT01-12,SITE12-PRTR02-12,2.83,40000,35756,SITE12-PECRT01-12:xe-0/0/0,SITE12-PRTR02-12:xe-0/0/2,169.254.2.116,169.254.2.117
SITE12-PECRT02-12,SITE12-PRTR01-12,9.76,40000,29871,SITE12-PECRT02-12:xe-0/0/3,SITE12-PRTR01-12:xe-0/0/1,169.254.2.118,169.254.2.119
SITE12-PECRT02-12,SITE12-PRTR02-12,3.69,40000,32112,SITE12-PECRT02-12:xe-0/0/1,SITE12-PRTR02-12:xe-0/0/1,169.254.2.120,169.254.2.121
SITE12-PECRT03-12,SITE12-PRTR01-12,2.93,100000,88512,SITE12-PECRT03-12:xe-0/0/1,SITE12-PRTR01-12:xe-0/0/3,169.254.2.122,169.254.2.123
SITE12-PECRT03-12,SITE12-PRTR02-12,11.04,10000,7126,SITE12-PECRT03-12:xe-0/0/2,SITE12-PRTR02-12:xe-0/0/3,169.254.2.124,169.254.2.125
SITE12-PERTR01-12,SITE12-PRTR01-12,3.81,10000,8927,SITE12-PERTR01-12:xe-0/0/3,SITE12-PRTR01-12:xe-0/0/2,169.254.2.126,169.254.2.127
SITE12-PERTR01-12,SITE12-PRTR02-12,8.45,10000,6699,SITE12-PERTR01-12:xe-0/0/2,SITE12-PRTR02-12:xe-0/0/2,169.254.2.128,169.254.2.129
SITE12-PERTR02-12,SITE12-PRTR01-12,8.03,40000,33455,SITE12-PERTR02-12:xe-0/0/3,SITE12-PRTR01-12:xe-0/0/2,169.254.2.130,169.254.2.131
SITE12-PERTR02-12,SITE12-PRTR02-12,3.19,40000,35216,SITE12-PERTR02-12:xe-0/0/0,SITE12-PRTR02-12:xe-0/0/1,169.254.2.132,169.254.2.133
SITE12-PRTR01-12,SITE12-PRTR02-12,5.2,40000,32207,SITE12-PRTR01-12:xe-0/0/2,SITE12-PRTR02-12:xe-0/0/0,169.254.2.134,169.254.2.135
SITE12-PRTR01-12,SITE13-PRTR01-13,11.76,100000,75686,SITE12-PRTR01-12:xe-0/0/0,SITE13-PRTR01-13:xe-0/0/0,169.254.2.136,169.254.2.137
SITE12-PRTR02-12,SITE13-PRTR02-13,11.02,100000,78411,SITE12-PRTR02-12:xe-0/0/2,SITE13-PRTR02-13:xe-0/0/1,169.254.2.138,169.254.2.139
SITE13-DRRTR01-13,SITE13-PRTR01-13,7.68,40000,28365,SITE13-DRRTR01-13:xe-0/0/1,SITE13-PRTR01-13:xe-0/0/2,169.254.2.140,169.254.2.141
SITE13-DRRTR01-13,SITE13-PRTR02-13,8.46,100000,85721,SITE13-DRRTR01-13:xe-0/0/1,SITE13-PRTR02-13:xe-0/0/0,169.254.2.142,169.254.2.143
SITE13-DRRTR02-13,SITE13-PRTR01-13,10.94,100000,66064,SITE13-DRRTR02-13:xe-0/0/3,SITE13-PRTR01-13:xe-0/0/0,169.254.2.144,169.254.2.145
SITE13-DRRTR02-13,SITE13-PRTR02-13,7.38,100000,68548,SITE13-DRRTR02-13:xe-0/0/2,SITE13-PRTR02-13:xe-0/0/2,169.254.2.146,169.254.2.147
SITE13-PECRT01-13,SITE13-PRTR01-13,9.22,10000,7042,SITE13-PECRT01-13:xe-0/0/2,SITE13-PRTR01-13:xe-0/0/2,169.254.2.148,169.254.2.149
SITE13-PECRT01-13,SITE13-PRTR02-13,10.14,40000,35871,SITE13-PECRT01-13:xe-0/0/3,SITE13-PRTR02-13:xe-0/0/2,169.254.2.150,169.254.2.151
SITE13-PECRT02-13,SITE13-PRTR01-13,9.21,40000,34685,SITE13-PECRT02-13:xe-0/0/3,SITE13-PRTR01-13:xe-0/0/0,169.254.2.152,169.254.2.153
SITE13-PECRT02-13,SITE13-PRTR02-13,2.55,10000,8822,SITE13-PECRT02-13:xe-0/0/3,SITE13-PRTR02-13:xe-0/0/2,169.254.2.154,169.254.2.155
SITE13-PERTR01-13,SITE13-PRTR01-13,1.99,40000,26150,SITE13-PERTR01-13:xe-0/0/0,SITE13-PRTR01-13:xe-0/0/3,169.254.2.156,169.254.2.157
SITE13-PERTR01-13,SITE13-PRTR02-13,5.05,100000,83153,SITE13-PERTR01-13:xe-0/0/3,SITE13-PRTR02-13:xe-0/0/2,169.254.2.158,169.254.2.159
SITE13-PERTR02-13,SITE13-PRTR01-13,2.19,10000,7772,SITE13-PERTR02-13:xe-0/0/2,SITE13-PRTR01-13:xe-0/0/1,169.254.2.160,169.254.2.161
SITE13-PERTR02-13,SITE13-PRTR02-13,8.12,100000,87244,SITE13-PERTR02-13:xe-0/0/2,SITE13-PRTR02-13:xe-0/0/3,169.254.2.162,169.254.2.163
SITE13-PRTR01-13,SITE13-PRTR02-13,2.28,10000,9054,SITE13-PRTR01-13:xe-0/0/2,SITE13-PRTR02-13:xe-0/0/3,169.254.2.164,169.254.2.165
SITE13-PRTR01-13,SITE14-PRTR01-14,2.28,10000,8895,SITE13-PRTR01-13:xe-0/0/1,SITE14-PRTR01-14:xe-0/0/3,169.254.2.166,169.254.2.167
SITE13-PRTR02-13,SITE14-PRTR02-14,5.99,100000,90633,SITE13-PRTR02-13:xe-0/0/3,SITE14-PRTR02-14:xe-0/0/1,169.254.2.168,169.254.2.169
SITE14-DRRTR01-14,SITE14-PRTR01-14,10.74,100000,67673,SITE14-DRRTR01-14:xe-0/0/3,SITE14-PRTR01-14:xe-0/0/3,169.254.2.170,169.254.2.171
SITE14-DRRTR01-14,SITE14-PRTR02-14,11.33,40000,26353,SITE14-DRRTR01-14:xe-0/0/2,SITE14-PRTR02-14:xe-0/0/1,169.254.2.172,169.254.2.173
SITE14-DRRTR02-14,SITE14-PRTR01-14,5.88,10000,8809,SITE14-DRRTR02-14:xe-0/0/0,SITE14-PRTR01-14:xe-0/0/2,169.254.2.174,169.254.2.175
SITE14-DRRTR02-14,SITE14-PRTR02-14,6.99,100000,74684,SITE14-DRRTR02-14:xe-0/0/3,SITE14-PRTR02-14:xe-0/0/2,169.254.2.176,169.254.2.177
SITE14-PECRT01-14,SITE14-PRTR01-14,3.09,10000,9062,SITE14-PECRT01-14:xe-0/0/3,SITE14-PRTR01-14:xe-0/0/0,169.254.2.178,169.254.2.179
SITE14-PECRT01-14,SITE14-PRTR02-14,8.29,100000,82266,SITE14-PECRT01-14:xe-0/0/0,SITE14-PRTR02-14:xe-0/0/0,169.254.2.180,169.254.2.181
SITE14-PECRT02-14,SITE14-PRTR01-14,9.65,10000,9169,SITE14-PECRT02-14:xe-0/0/1,SITE14-PRTR01-14:xe-0/0/0,169.254.2.182,169.254.2.183
SITE14-PECRT02-14,SITE14-PRTR02-14,10.13,100000,70593,SITE14-PECRT02-14:xe-0/0/1,SITE14-PRTR02-14:xe-0/0/1,169.254.2.184,169.254.2.185
SITE14-PECRT03-14,SITE14-PRTR01-14,4.61,10000,8629,SITE14-PECRT03-14:xe-0/0/0,SITE14-PRTR01-14:xe-0/0/2,169.254.2.186,169.254.2.187
SITE14-PECRT03-14,SITE14-PRTR02-14,10.44,10000,9166,SITE14-PECRT03-14:xe-0/0/2,SITE14-PRTR02-14:xe-0/0/1,169.254.2.188,169.254.2.189
SITE14-PERTR01-14,SITE14-PRTR01-14,2.21,10000,6855,SITE14-PERTR01-14:xe-0/0/2,SITE14-PRTR01-14:xe-0/0/1,169.254.2.190,169.254.2.191
SITE14-PERTR01-14,SITE14-PRTR02-14,7.48,10000,6970,SITE14-PERTR01-14:xe-0/0/0,SITE14-PRTR02-14:xe-0/0/1,169.254.2.192,169.254.2.193
SITE14-PERTR02-14,SITE14-PRTR01-14,9.16,100000,68068,SITE14-PERTR02-14:xe-0/0/0,SITE14-PRTR01-14:xe-0/0/3,169.254.2.194,169.254.2.195
SITE14-PERTR02-14,SITE14-PRTR02-14,5.93,40000,31542,SITE14-PERTR02-14:xe-0/0/0,SITE14-PRTR02-14:xe-0/0/3,169.254.2.196,169.254.2.197
SITE14-PRTR01-14,SITE14-PRTR02-14,6.54,100000,66170,SITE14-PRTR01-14:xe-0/0/2,SITE14-PRTR02-14:xe-0/0/3,169.254.2.198,169.254.2.199
SITE14-PRTR01-14,SITE15-PRTR01-15,8.08,10000,6664,SITE14-PRTR01-14:xe-0/0/3,SITE15-PRTR01-15:xe-0/0/3,169.254.2.200,169.254.2.201
SITE14-PRTR02-14,SITE15-PRTR02-15,5.69,10000,7823,SITE14-PRTR02-14:xe-0/0/3,SITE15-PRTR02-15:xe-0/0/0,169.254.2.202,169.254.2.203
SITE15-DRRTR01-15,SITE15-PRTR01-15,10.89,40000,32569,SITE15-DRRTR01-15:xe-0/0/0,SITE15-PRTR01-15:xe-0/0/1,169.254.2.204,169.254.2.205
SITE15-DRRTR01-15,SITE15-PRTR02-15,4.03,100000,80804,SITE15-DRRTR01-15:xe-0/0/2,SITE15-PRTR02-15:xe-0/0/3,169.254.2.206,169.254.2.207
SITE15-DRRTR02-15,SITE15-PRTR01-15,11.94,100000,72962,SITE15-DRRTR02-15:xe-0/0/3,SITE15-PRTR01-15:xe-0/0/0,169.254.2.208,169.254.2.209
SITE15-DRRTR02-15,SITE15-PRTR02-15,9.72,10000,8802,SITE15-DRRTR02-15:xe-0/0/1,SITE15-PRTR02-15:xe-0/0/3,169.254.2.210,169.254.2.211
SITE15-PECRT01-15,SITE15-PRTR01-15,5.97,10000,7617,SITE15-PECRT01-15:xe-0/0/3,SITE15-PRTR01-15:xe-0/0/3,169.254.2.212,169.254.2.213
SITE15-PECRT01-15,SITE15-PRTR02-15,5.58,10000,7343,SITE15-PECRT01-15:xe-0/0/2,SITE15-PRTR02-15:xe-0/0/2,169.254.2.214,169.254.2.215
SITE15-PECRT02-15,SITE15-PRTR01-15,5.12,10000,8354,SITE15-PECRT02-15:xe-0/0/3,SITE15-PRTR01-15:xe-0/0/0,169.254.2.216,169.254.2.217
SITE15-PECRT02-15,SITE15-PRTR02-15,2.0,10000,6751,SITE15-PECRT02-15:xe-0/0/0,SITE15-PRTR02-15:xe-0/0/2,169.254.2.218,169.254.2.219
SITE15-PERTR01-15,SITE15-PRTR01-15,9.93,100000,66619,SITE15-PERTR01-15:xe-0/0/2,SITE15-PRTR01-15:xe-0/0/0,169.254.2.220,169.254.2.221
SITE15-PERTR01-15,SITE15-PRTR02-15,5.52,100000,90410,SITE15-PERTR01-15:xe-0/0/3,SITE15-PRTR02-15:xe-0/0/0,169.254.2.222,169.254.2.223
SITE15-PERTR02-15,SITE15-PRTR01-15,11.65,100000,73436,SITE15-PERTR02-15:xe-0/0/0,SITE15-PRTR01-15:xe-0/0/1,169.254.2.224,169.254.2.225
SITE15-PERTR02-15,SITE15-PRTR02-15,2.7,40000,28421,SITE15-PERTR02-15:xe-0/0/0,SITE15-PRTR02-15:xe-0/0/2,169.254.2.226,169.254.2.227
SITE15-PRTR01-15,SITE15-PRTR02-15,10.3,40000,27240,SITE15-PRTR01-15:xe-0/0/2,SITE15-PRTR02-15:xe-0/0/1,169.254.2.228,169.254.2.229
SITE15-PRTR01-15,SITE16-PRTR01-16,9.88,100000,91312,SITE15-PRTR01-15:xe-0/0/0,SITE16-PRTR01-16:xe-0/0/2,169.254.2.230,169.254.2.231
SITE15-PRTR02-15,SITE16-PRTR02-16,1.32,40000,33589,SITE15-PRTR02-15:xe-0/0/2,SITE16-PRTR02-16:xe-0/0/2,169.254.2.232,169.254.2.233
SITE16-DRRTR01-16,SITE16-PRTR01-16,4.86,10000,8848,SITE16-DRRTR01-16:xe-0/0/3,SITE16-PRTR01-16:xe-0/0/0,169.254.2.234,169.254.2.235
SITE16-DRRTR01-16,SITE16-PRTR02-16,2.56,100000,91238,SITE16-DRRTR01-16:xe-0/0/0,SITE16-PRTR02-16:xe-0/0/1,169.254.2.236,169.254.2.237
SITE16-DRRTR02-16,SITE16-PRTR01-16,5.14,40000,29681,SITE16-DRRTR02-16:xe-0/0/2,SITE16-PRTR01-16:xe-0/0/2,169.254.2.238,169.254.2.239
SITE16-DRRTR02-16,SITE16-PRTR02-16,8.94,100000,81098,SITE16-DRRTR02-16:xe-0/0/0,SITE16-PRTR02-16:xe-0/0/1,169.254.2.240,169.254.2.241
SITE16-PECRT01-16,SITE16-PRTR01-16,2.73,100000,66343,SITE16-PECRT01-16:xe-0/0/0,SITE16-PRTR01-16:xe-0/0/2,169.254.2.242,169.254.2.243
SITE16-PECRT01-16,SITE16-PRTR02-16,5.87,40000,31245,SITE16-PECRT01-16:xe-0/0/3,SITE16-PRTR02-16:xe-0/0/3,169.254.2.244,169.254.2.245
SITE16-PECRT02-16,SITE16-PRTR01-16,4.0,100000,68073,SITE16-PECRT02-16:xe-0/0/3,SITE16-PRTR01-16:xe-0/0/0,169.254.2.246,169.254.2.247
SITE16-PECRT02-16,SITE16-PRTR02-16,4.12,100000,81014,SITE16-PECRT02-16:xe-0/0/2,SITE16-PRTR02-16:xe-0/0/0,169.254.2.248,169.254.2.249
SITE16-PECRT03-16,SITE16-PRTR01-16,3.43,100000,66479,SITE16-PECRT03-16:xe-0/0/1,SITE16-PRTR01-16:xe-0/0/2,169.254.2.250,169.254.2.1
SITE16-PECRT03-16,SITE16-PRTR02-16,11.4,10000,8563,SITE16-PECRT03-16:xe-0/0/2,SITE16-PRTR02-16:xe-0/0/2,169.254.3.2,169.254.3.3
SITE16-PERTR01-16,SITE16-PRTR01-16,2.32,40000,34067,SITE16-PERTR01-16:xe-0/0/1,SITE16-PRTR01-16:xe-0/0/1,169.254.3.4,169.254.3.5
SITE16-PERTR01-16,SITE16-PRTR02-16,5.18,100000,71212,SITE16-PERTR01-16:xe-0/0/2,SITE16-PRTR02-16:xe-0/0/0,169.254.3.6,169.254.3.7
SITE16-PERTR02-16,SITE16-PRTR01-16,5.37,100000,66142,SITE16-PERTR02-16:xe-0/0/0,SITE16-PRTR01-16:xe-0/0/3,169.254.3.8,169.254.3.9
SITE16-PERTR02-16,SITE16-PRTR02-16,11.13,40000,32218,SITE16-PERTR02-16:xe-0/0/3,SITE16-PRTR02-16:xe-0/0/3,169.254.3.10,169.254.3.11
SITE16-PRTR01-16,SITE16-PRTR02-16,4.18,40000,26225,SITE16-PRTR01-16:xe-0/0/2,SITE16-PRTR02-16:xe-0/0/1,169.254.3.12,169.254.3.13
SITE16-PRTR01-16,SITE17-PRTR01-17,9.81,100000,77422,SITE16-PRTR01-16:xe-0/0/2,SITE17-PRTR01-17:xe-0/0/0,169.254.3.14,169.254.3.15
SITE16-PRTR02-16,SITE17-PRTR02-17,5.8,10000,7156,SITE16-PRTR02-16:xe-0/0/3,SITE17-PRTR02-17:xe-0/0/0,169.254.3.16,169.254.3.17
SITE17-DRRTR01-17,SITE17-PRTR01-17,5.35,40000,34054,SITE17-DRRTR01-17:xe-0/0/1,SITE17-PRTR01-17:xe-0/0/2,169.254.3.18,169.254.3.19
SITE17-DRRTR01-17,SITE17-PRTR02-17,9.57,10000,7878,SITE17-DRRTR01-17:xe-0/0/0,SITE17-PRTR02-17:xe-0/0/1,169.254.3.20,169.254.3.21
SITE17-DRRTR02-17,SITE17-PRTR01-17,10.97,40000,29791,SITE17-DRRTR02-17:xe-0/0/1,SITE17-PRTR01-17:xe-0/0/1,169.254.3.22,169.254.3.23
SITE17-DRRTR02-17,SITE17-PRTR02-17,2.13,40000,28130,SITE17-DRRTR02-17:xe-0/0/1,SITE17-PRTR02-17:xe-0/0/0,169.254.3.24,169.254.3.25
SITE17-PECRT01-17,SITE17-PRTR01-17,2.95,100000,78341,SITE17-PECRT01-17:xe-0/0/3,SITE17-PRTR01-17:xe-0/0/2,169.254.3.26,169.254.3.27
SITE17-PECRT01-17,SITE17-PRTR02-17,10.51,100000,73535,SITE17-PECRT01-17:xe-0/0/3,SITE17-PRTR02-17:xe-0/0/0,169.254.3.28,169.254.3.29
SITE17-PECRT02-17,SITE17-PRTR01-17,6.16,100000,73176,SITE17-PECRT02-17:xe-0/0/2,SITE17-PRTR01-17:xe-0/0/0,169.254.3.30,169.254.3.31
SITE17-PECRT02-17,SITE17-PRTR02-17,4.87,10000,7338,SITE17-PECRT02-17:xe-0/0/3,SITE17-PRTR02-17:xe-0/0/0,169.254.3.32,169.254.3.33
SITE17-PERTR01-17,SITE17-PRTR01-17,1.63,40000,26828,SITE17-PERTR01-17:xe-0/0/0,SITE17-PRTR01-17:xe-0/0/3,169.254.3.34,169.254.3.35
SITE17-PERTR01-17,SITE17-PRTR02-17,6.09,100000,90764,SITE17-PERTR01-17:xe-0/0/0,SITE17-PRTR02-17:xe-0/0/3,169.254.3.36,169.254.3.37
SITE17-PERTR02-17,SITE17-PRTR01-17,11.0,100000,82599,SITE17-PERTR02-17:xe-0/0/2,SITE17-PRTR01-17:xe-0/0/3,169.254.3.38,169.254.3.39
SITE17-PERTR02-17,SITE17-PRTR02-17,6.52,10000,7716,SITE17-PERTR02-17:xe-0/0/2,SITE17-PRTR02-17:xe-0/0/0,169.254.3.40,169.254.3.41
SITE17-PRTR01-17,SITE17-PRTR02-17,6.55,10000,6605,SITE17-PRTR01-17:xe-0/0/3,SITE17-PRTR02-17:xe-0/0/3,169.254.3.42,169.254.3.43
SITE17-PRTR01-17,SITE18-PRTR01-18,6.76,100000,69286,SITE17-PRTR01-17:xe-0/0/2,SITE18-PRTR01-18:xe-0/0/2,169.254.3.44,169.254.3.45
SITE17-PRTR02-17,SITE18-PRTR02-18,5.26,40000,33332,SITE17-PRTR02-17:xe-0/0/0,SITE18-PRTR02-18:xe-0/0/2,169.254.3.46,169.254.3.47
SITE18-DRRTR01-18,SITE18-PRTR01-18,1.73,10000,8006,SITE18-DRRTR01-18:xe-0/0/3,SITE18-PRTR01-18:xe-0/0/2,169.254.3.48,169.254.3.49
SITE18-DRRTR01-18,SITE18-PRTR02-18,3.77,100000,91039,SITE18-DRRTR01-18:xe-0/0/1,SITE18-PRTR02-18:xe-0/0/2,169.254.3.50,169.254.3.51
SITE18-DRRTR02-18,SITE18-PRTR01-18,1.9,100000,68818,SITE18-DRRTR02-18:xe-0/0/2,SITE18-PRTR01-18:xe-0/0/2,169.254.3.52,169.254.3.53
SITE18-DRRTR02-18,SITE18-PRTR02-18,11.64,100000,82877,SITE18-DRRTR02-18:xe-0/0/1,SITE18-PRTR02-18:xe-0/0/0,169.254.3.54,169.254.3.55
SITE18-PECRT01-18,SITE18-PRTR01-18,4.41,40000,32949,SITE18-PECRT01-18:xe-0/0/2,SITE18-PRTR01-18:xe-0/0/1,169.254.3.56,169.254.3.57
SITE18-PECRT01-18,SITE18-PRTR02-18,8.37,100000,91923,SITE18-PECRT01-18:xe-0/0/0,SITE18-PRTR02-18:xe-0/0/3,169.254.3.58,169.254.3.59
SITE18-PECRT02-18,SITE18-PRTR01-18,6.59,10000,7479,SITE18-PECRT02-18:xe-0/0/1,SITE18-PRTR01-18:xe-0/0/1,169.254.3.60,169.254.3.61
SITE18-PECRT02-18,SITE18-PRTR02-18,4.76,40000,28073,SITE18-PECRT02-18:xe-0/0/1,SITE18-PRTR02-18:xe-0/0/1,169.254.3.62,169.254.3.63
SITE18-PECRT03-18,SITE18-PRTR01-18,1.85,10000,7870,SITE18-PECRT03-18:xe-0/0/0,SITE18-PRTR01-18:xe-0/0/2,169.254.3.64,169.254.3.65
SITE18-PECRT03-18,SITE18-PRTR02-18,10.64,100000,68538,SITE18-PECRT03-18:xe-0/0/3,SITE18-PRTR02-18:xe-0/0/1,169.254.3.66,169.254.3.67
SITE18-PERTR01-18,SITE18-PRTR01-18,2.78,100000,85819,SITE18-PERTR01-18:xe-0/0/1,SITE18-PRTR01-18:xe-0/0/3,169.254.3.68,169.254.3.69
SITE18-PERTR01-18,SITE18-PRTR02-18,1.48,40000,33304,SITE18-PERTR01-18:xe-0/0/1,SITE18-PRTR02-18:xe-0/0/3,169.254.3.70,169.254.3.71
SITE18-PERTR02-18,SITE18-PRTR01-18,7.72,100000,86162,SITE18-PERTR02-18:xe-0/0/1,SITE18-PRTR01-18:xe-0/0/1,169.254.3.72,169.254.3.73
SITE18-PERTR02-18,SITE18-PRTR02-18,4.4,40000,35762,SITE18-PERTR02-18:xe-0/0/1,SITE18-PRTR02-18:xe-0/0/2,169.254.3.74,169.254.3.75
SITE18-PRTR01-18,SITE18-PRTR02-18,8.46,100000,91579,SITE18-PRTR01-18:xe-0/0/3,SITE18-PRTR02-18:xe-0/0/2,169.254.3.76,169.254.3.77
SITE18-PRTR01-18,SITE19-PRTR01-19,9.56,100000,79241,SITE18-PRTR01-18:xe-0/0/1,SITE19-PRTR01-19:xe-0/0/1,169.254.3.78,169.254.3.79
SITE18-PRTR02-18,SITE19-PRTR02-19,9.81,10000,8857,SITE18-PRTR02-18:xe-0/0/0,SITE19-PRTR02-19:xe-0/0/3,169.254.3.80,169.254.3.81
SITE19-DRRTR01-19,SITE19-PRTR01-19,10.62,100000,90225,SITE19-DRRTR01-19:xe-0/0/0,SITE19-PRTR01-19:xe-0/0/2,169.254.3.82,169.254.3.83
SITE19-DRRTR01-19,SITE19-PRTR02-19,1.92,10000,7236,SITE19-DRRTR01-19:xe-0/0/1,SITE19-PRTR02-19:xe-0/0/3,169.254.3.84,169.254.3.85
SITE19-DRRTR02-19,SITE19-PRTR01-19,2.01,10000,8705,SITE19-DRRTR02-19:xe-0/0/2,SITE19-PRTR01-19:xe-0/0/0,169.254.3.86,169.254.3.87
SITE19-DRRTR02-19,SITE19-PRTR02-19,5.56,40000,31421,SITE19-DRRTR02-19:xe-0/0/1,SITE19-PRTR02-19:xe-0/0/3,169.254.3.88,169.254.3.89
SITE19-PECRT01-19,SITE19-PRTR01-19,11.94,40000,28425,SITE19-PECRT01-19:xe-0/0/2,SITE19-PRTR01-19:xe-0/0/0,169.254.3.90,169.254.3.91
SITE19-PECRT01-19,SITE19-PRTR02-19,10.23,100000,74052,SITE19-PECRT01-19:xe-0/0/1,SITE19-PRTR02-19:xe-0/0/1,169.254.3.92,169.254.3.93
SITE19-PECRT02-19,SITE19-PRTR01-19,1.42,40000,33517,SITE19-PECRT02-19:xe-0/0/1,SITE19-PRTR01-19:xe-0/0/3,169.254.3.94,169.254.3.95
SITE19-PECRT02-19,SITE19-PRTR02-19,5.93,10000,8945,SITE19-PECRT02-19:xe-0/0/0,SITE19-PRTR02-19:xe-0/0/2,169.254.3.96,169.254.3.97
SITE19-PERTR01-19,SITE19-PRTR01-19,3.37,10000,7981,SITE19-PERTR01-19:xe-0/0/3,SITE19-PRTR01-19:xe-0/0/0,169.254.3.98,169.254.3.99
SITE19-PERTR01-19,SITE19-PRTR02-19,9.54,10000,7313,SITE19-PERTR01-19:xe-0/0/0,SITE19-PRTR02-19:xe-0/0/1,169.254.3.100,169.254.3.101
SITE19-PERTR02-19,SITE19-PRTR01-19,5.62,100000,77342,SITE19-PERTR02-19:xe-0/0/0,SITE19-PRTR01-19:xe-0/0/3,169.254.3.102,169.254.3.103
SITE19-PERTR02-19,SITE19-PRTR02-19,7.56,10000,8206,SITE19-PERTR02-19:xe-0/0/1,SITE19-PRTR02-19:xe-0/0/1,169.254.3.104,169.254.3.105
SITE19-PRTR01-19,SITE19-PRTR02-19,4.2,10000,8159,SITE19-PRTR01-19:xe-0/0/1,SITE19-PRTR02-19:xe-0/0/3,169.254.3.106,169.254.3.107
SITE19-PRTR01-19,SITE20-PRTR01-20,3.06,100000,67311,SITE19-PRTR01-19:xe-0/0/2,SITE20-PRTR01-20:xe-0/0/0,169.254.3.108,169.254.3.109
SITE19-PRTR02-19,SITE20-PRTR02-20,11.49,100000,78697,SITE19-PRTR02-19:xe-0/0/0,SITE20-PRTR02-20:xe-0/0/3,169.254.3.110,169.254.3.111
SITE20-DRRTR01-20,SITE20-PRTR01-20,10.61,10000,8216,SITE20-DRRTR01-20:xe-0/0/2,SITE20-PRTR01-20:xe-0/0/2,169.254.3.112,169.254.3.113
SITE20-DRRTR01-20,SITE20-PRTR02-20,9.22,40000,34516,SITE20-DRRTR01-20:xe-0/0/2,SITE20-PRTR02-20:xe-0/0/1,169.254.3.114,169.254.3.115
SITE20-DRRTR02-20,SITE20-PRTR01-20,9.06,100000,67798,SITE20-DRRTR02-20:xe-0/0/2,SITE20-PRTR01-20:xe-0/0/1,169.254.3.116,169.254.3.117
SITE20-DRRTR02-20,SITE20-PRTR02-20,1.49,100000,74140,SITE20-DRRTR02-20:xe-0/0/1,SITE20-PRTR02-20:xe-0/0/3,169.254.3.118,169.254.3.119
SITE20-PECRT01-20,SITE20-PRTR01-20,11.79,40000,32822,SITE20-PECRT01-20:xe-0/0/1,SITE20-PRTR01-20:xe-0/0/0,169.254.3.120,169.254.3.121
SITE20-PECRT01-20,SITE20-PRTR02-20,8.88,40000,26399,SITE20-PECRT01-20:xe-0/0/1,SITE20-PRTR02-20:xe-0/0/0,169.254.3.122,169.254.3.123
SITE20-PECRT02-20,SITE20-PRTR01-20,9.7,10000,7352,SITE20-PECRT02-20:xe-0/0/2,SITE20-PRTR01-20:xe-0/0/3,169.254.3.124,169.254.3.125
SITE20-PECRT02-20,SITE20-PRTR02-20,11.88,100000,77781,SITE20-PECRT02-20:xe-0/0/0,SITE20-PRTR02-20:xe-0/0/1,169.254.3.126,169.254.3.127
SITE20-PECRT03-20,SITE20-PRTR01-20,4.15,10000,8837,SITE20-PECRT03-20:xe-0/0/2,SITE20-PRTR01-20:xe-0/0/2,169.254.3.128,169.254.3.129
SITE20-PECRT03-20,SITE20-PRTR02-20,2.37,40000,30719,SITE20-PECRT03-20:xe-0/0/3,SITE20-PRTR02-20:xe-0/0/3,169.254.3.130,169.254.3.131
SITE20-PERTR01-20,SITE20-PRTR01-20,10.84,40000,29661,SITE20-PERTR01-20:xe-0/0/1,SITE20-PRTR01-20:xe-0/0/3,169.254.3.132,169.254.3.133
SITE20-PERTR01-20,SITE20-PRTR02-20,8.61,40000,35982,SITE20-PERTR01-20:xe-0/0/2,SITE20-PRTR02-20:xe-0/0/0,169.254.3.134,169.254.3.135
SITE20-PERTR02-20,SITE20-PRTR01-20,9.0,10000,7662,SITE20-PERTR02-20:xe-0/0/1,SITE20-PRTR01-20:xe-0/0/2,169.254.3.136,169.254.3.137
SITE20-PERTR02-20,SITE20-PRTR02-20,4.53,10000,7385,SITE20-PERTR02-20:xe-0/0/2,SITE20-PRTR02-20:xe-0/0/2,169.254.3.138,169.254.3.139
SITE20-PRTR01-20,SITE20-PRTR02-20,5.91,100000,76505,SITE20-PRTR01-20:xe-0/0/3,SITE20-PRTR02-20:xe-0/0/2,169.254.3.140,169.254.3.141
SITE20-PRTR01-20,SITE21-PRTR01-21,5.92,100000,88491,SITE20-PRTR01-20:xe-0/0/2,SITE21-PRTR01-21:xe-0/0/3,169.254.3.142,169.254.3.143
SITE20-PRTR02-20,SITE21-PRTR02-21,4.02,10000,6702,SITE20-PRTR02-20:xe-0/0/3,SITE21-PRTR02-21:xe-0/0/2,169.254.3.144,169.254.3.145
SITE21-DRRTR01-21,SITE21-PRTR01-21,6.64,100000,83344,SITE21-DRRTR01-21:xe-0/0/0,SITE21-PRTR01-21:xe-0/0/1,169.254.3.146,169.254.3.147
SITE21-DRRTR01-21,SITE21-PRTR02-21,10.34,100000,86095,SITE21-DRRTR01-21:xe-0/0/0,SITE21-PRTR02-21:xe-0/0/1,169.254.3.148,169.254.3.149
SITE21-DRRTR02-21,SITE21-PRTR01-21,1.74,100000,74890,SITE21-DRRTR02-21:xe-0/0/3,SITE21-PRTR01-21:xe-0/0/0,169.254.3.150,169.254.3.151
SITE21-DRRTR02-21,SITE21-PRTR02-21,7.66,100000,77147,SITE21-DRRTR02-21:xe-0/0/2,SITE21-PRTR02-21:xe-0/0/2,169.254.3.152,169.254.3.153
SITE21-PECRT01-21,SITE21-PRTR01-21,5.88,10000,8049,SITE21-PECRT01-21:xe-0/0/2,SITE21-PRTR01-21:xe-0/0/3,169.254.3.154,169.254.3.155
SITE21-PECRT01-21,SITE21-PRTR02-21,4.46,40000,28695,SITE21-PECRT01-21:xe-0/0/0,SITE21-PRTR02-21:xe-0/0/0,169.254.3.156,169.254.3.157
SITE21-PECRT02-21,SITE21-PRTR01-21,9.09,40000,31591,SITE21-PECRT02-21:xe-0/0/0,SITE21-PRTR01-21:xe-0/0/2,169.254.3.158,169.254.3.159
SITE21-PECRT02-21,SITE21-PRTR02-21,9.52,100000,77049,SITE21-PECRT02-21:xe-0/0/2,SITE21-PRTR02-21:xe-0/0/3,169.254.3.160,169.254.3.161
SITE21-PERTR01-21,SITE21-PRTR01-21,3.2,10000,8802,SITE21-PERTR01-21:xe-0/0/3,SITE21-PRTR01-21:xe-0/0/1,169.254.3.162,169.254.3.163
SITE21-PERTR01-21,SITE21-PRTR02-21,10.89,40000,36770,SITE21-PERTR01-21:xe-0/0/2,SITE21-PRTR02-21:xe-0/0/2,169.254.3.164,169.254.3.165
SITE21-PERTR02-21,SITE21-PRTR01-21,8.8,100000,79638,SITE21-PERTR02-21:xe-0/0/2,SITE21-PRTR01-21:xe-0/0/1,169.254.3.166,169.254.3.167
SITE21-PERTR02-21,SITE21-PRTR02-21,8.83,100000,82217,SITE21-PERTR02-21:xe-0/0/2,SITE21-PRTR02-21:xe-0/0/1,169.254.3.168,169.254.3.169
SITE21-PRTR01-21,SITE21-PRTR02-21,2.33,10000,8638,SITE21-PRTR01-21:xe-0/0/1,SITE21-PRTR02-21:xe-0/0/3,169.254.3.170,169.254.3.171
SITE21-PRTR01-21,SITE22-PRTR01-22,1.29,100000,80451,SITE21-PRTR01-21:xe-0/0/3,SITE22-PRTR01-22:xe-0/0/1,169.254.3.172,169.254.3.173
SITE21-PRTR02-21,SITE22-PRTR02-22,7.73,10000,6677,SITE21-PRTR02-21:xe-0/0/3,SITE22-PRTR02-22:xe-0/0/3,169.254.3.174,169.254.3.175
SITE22-DRRTR01-22,SITE22-PRTR01-22,6.78,40000,34892,SITE22-DRRTR01-22:xe-0/0/0,SITE22-PRTR01-22:xe-0/0/1,169.254.3.176,169.254.3.177
SITE22-DRRTR01-22,SITE22-PRTR02-22,11.7,100000,67002,SITE22-DRRTR01-22:xe-0/0/3,SITE22-PRTR02-22:xe-0/0/2,169.254.3.178,169.254.3.179
SITE22-DRRTR02-22,SITE22-PRTR01-22,2.41,100000,82274,SITE22-DRRTR02-22:xe-0/0/1,SITE22-PRTR01-22:xe-0/0/1,169.254.3.180,169.254.3.181
SITE22-DRRTR02-22,SITE22-PRTR02-22,5.76,10000,8744,SITE22-DRRTR02-22:xe-0/0/1,SITE22-PRTR02-22:xe-0/0/2,169.254.3.182,169.254.3.183
SITE22-PECRT01-22,SITE22-PRTR01-22,2.81,40000,36095,SITE22-PECRT01-22:xe-0/0/1,SITE22-PRTR01-22:xe-0/0/2,169.254.3.184,169.254.3.185
SITE22-PECRT01-22,SITE22-PRTR02-22,11.42,100000,89162,SITE22-PECRT01-22:xe-0/0/0,SITE22-PRTR02-22:xe-0/0/2,169.254.3.186,169.254.3.187
SITE22-PECRT02-22,SITE22-PRTR01-22,3.16,100000,72410,SITE22-PECRT02-22:xe-0/0/2,SITE22-PRTR01-22:xe-0/0/0,169.254.3.188,169.254.3.189
SITE22-PECRT02-22,SITE22-PRTR02-22,6.53,10000,8097,SITE22-PECRT02-22:xe-0/0/1,SITE22-PRTR02-22:xe-0/0/1,169.254.3.190,169.254.3.191
SITE22-PECRT03-22,SITE22-PRTR01-22,8.25,100000,89354,SITE22-PECRT03-22:xe-0/0/2,SITE22-PRTR01-22:xe-0/0/0,169.254.3.192,169.254.3.193
SITE22-PECRT03-22,SITE22-PRTR02-22,10.08,10000,6719,SITE22-PECRT03-22:xe-0/0/2,SITE22-PRTR02-22:xe-0/0/1,169.254.3.194,169.254.3.195
SITE22-PERTR01-22,SITE22-PRTR01-22,9.44,40000,32675,SITE22-PERTR01-22:xe-0/0/0,SITE22-PRTR01-22:xe-0/0/3,169.254.3.196,169.254.3.197
SITE22-PERTR01-22,SITE22-PRTR02-22,10.78,100000,72821,SITE22-PERTR01-22:xe-0/0/2,SITE22-PRTR02-22:xe-0/0/3,169.254.3.198,169.254.3.199
SITE22-PERTR02-22,SITE22-PRTR01-22,3.69,100000,75964,SITE22-PERTR02-22:xe-0/0/3,SITE22-PRTR01-22:xe-0/0/0,169.254.3.200,169.254.3.201
SITE22-PERTR02-22,SITE22-PRTR02-22,8.57,10000,7686,SITE22-PERTR02-22:xe-0/0/3,SITE22-PRTR02-22:xe-0/0/3,169.254.3.202,169.254.3.203
SITE22-PRTR01-22,SITE22-PRTR02-22,3.24,100000,68879,SITE22-PRTR01-22:xe-0/0/2,SITE22-PRTR02-22:xe-0/0/2,169.254.3.204,169.254.3.205
SITE22-PRTR01-22,SITE23-PRTR01-23,11.73,10000,8553,SITE22-PRTR01-22:xe-0/0/0,SITE23-PRTR01-23:xe-0/0/2,169.254.3.206,169.254.3.207
SITE22-PRTR02-22,SITE23-PRTR02-23,3.66,10000,7222,SITE22-PRTR02-22:xe-0/0/1,SITE23-PRTR02-23:xe-0/0/1,169.254.3.208,169.254.3.209
SITE23-DRRTR01-23,SITE23-PRTR01-23,2.06,40000,36210,SITE23-DRRTR01-23:xe-0/0/3,SITE23-PRTR01-23:xe-0/0/1,169.254.3.210,169.254.3.211
SITE23-DRRTR01-23,SITE23-PRTR02-23,11.59,10000,8696,SITE23-DRRTR01-23:xe-0/0/2,SITE23-PRTR02-23:xe-0/0/1,169.254.3.212,169.254.3.213
SITE23-DRRTR02-23,SITE23-PRTR01-23,9.39,40000,36756,SITE23-DRRTR02-23:xe-0/0/3,SITE23-PRTR01-23:xe-0/0/3,169.254.3.214,169.254.3.215
SITE23-DRRTR02-23,SITE23-PRTR02-23,10.67,40000,26250,SITE23-DRRTR02-23:xe-0/0/3,SITE23-PRTR02-23:xe-0/0/3,169.254.3.216,169.254.3.217
SITE23-PECRT01-23,SITE23-PRTR01-23,11.63,10000,8075,SITE23-PECRT01-23:xe-0/0/0,SITE23-PRTR01-23:xe-0/0/0,169.254.3.218,169.254.3.219
SITE23-PECRT01-23,SITE23-PRTR02-23,4.09,100000,88823,SITE23-PECRT01-23:xe-0/0/3,SITE23-PRTR02-23:xe-0/0/2,169.254.3.220,169.254.3.221
SITE23-PECRT02-23,SITE23-PRTR01-23,6.9,10000,7663,SITE23-PECRT02-23:xe-0/0/2,SITE23-PRTR01-23:xe-0/0/2,169.254.3.222,169.254.3.223
SITE23-PECRT02-23,SITE23-PRTR02-23,9.4,40000,26488,SITE23-PECRT02-23:xe-0/0/0,SITE23-PRTR02-23:xe-0/0/1,169.254.3.224,169.254.3.225
SITE23-PERTR01-23,SITE23-PRTR01-23,4.99,40000,26794,SITE23-PERTR01-23:xe-0/0/3,SITE23-PRTR01-23:xe-0/0/2,169.254.3.226,169.254.3.227
SITE23-PERTR01-23,SITE23-PRTR02-23,10.08,100000,83370,SITE23-PERTR01-23:xe-0/0/0,SITE23-PRTR02-23:xe-0/0/1,169.254.3.228,169.254.3.229
SITE23-PERTR02-23,SITE23-PRTR01-23,11.73,40000,30030,SITE23-PERTR02-23:xe-0/0/2,SITE23-PRTR01-23:xe-0/0/2,169.254.3.230,169.254.3.231
SITE23-PERTR02-23,SITE23-PRTR02-23,9.3,10000,8126,SITE23-PERTR02-23:xe-0/0/3,SITE23-PRTR02-23:xe-0/0/0,169.254.3.232,169.254.3.233
SITE23-PRTR01-23,SITE23-PRTR02-23,1.5,10000,8426,SITE23-PRTR01-23:xe-0/0/3,SITE23-PRTR02-23:xe-0/0/3,169.254.3.234,169.254.3.235
SITE23-PRTR01-23,SITE24-PRTR01-24,2.64,100000,68774,SITE23-PRTR01-23:xe-0/0/2,SITE24-PRTR01-24:xe-0/0/1,169.254.3.236,169.254.3.237
SITE23-PRTR02-23,SITE24-PRTR02-24,5.32,100000,84961,SITE23-PRTR02-23:xe-0/0/2,SITE24-PRTR02-24:xe-0/0/2,169.254.3.238,169.254.3.239
SITE24-DRRTR01-24,SITE24-PRTR01-24,6.58,100000,79373,SITE24-DRRTR01-24:xe-0/0/2,SITE24-PRTR01-24:xe-0/0/3,169.254.3.240,169.254.3.241
SITE24-DRRTR01-24,SITE24-PRTR02-24,9.97,40000,29577,SITE24-DRRTR01-24:xe-0/0/0,SITE24-PRTR02-24:xe-0/0/3,169.254.3.242,169.254.3.243
SITE24-DRRTR02-24,SITE24-PRTR01-24,7.42,100000,88546,SITE24-DRRTR02-24:xe-0/0/0,SITE24-PRTR01-24:xe-0/0/3,169.254.3.244,169.254.3.245
SITE24-DRRTR02-24,SITE24-PRTR02-24,3.92,100000,86138,SITE24-DRRTR02-24:xe-0/0/1,SITE24-PRTR02-24:xe-0/0/0,169.254.3.246,169.254.3.247
SITE24-PECRT01-24,SITE24-PRTR01-24,7.42,10000,7915,SITE24-PECRT01-24:xe-0/0/3,SITE24-PRTR01-24:xe-0/0/1,169.254.3.248,169.254.3.249
SITE24-PECRT01-24,SITE24-PRTR02-24,10.04,10000,6585,SITE24-PECRT01-24:xe-0/0/0,SITE24-PRTR02-24:xe-0/0/1,169.254.3.250,169.254.3.1
SITE24-PECRT02-24,SITE24-PRTR01-24,1.21,40000,30522,SITE24-PECRT02-24:xe-0/0/3,SITE24-PRTR01-24:xe-0/0/1,169.254.4.2,169.254.4.3
SITE24-PECRT02-24,SITE24-PRTR02-24,5.51,100000,89854,SITE24-PECRT02-24:xe-0/0/0,SITE24-PRTR02-24:xe-0/0/1,169.254.4.4,169.254.4.5
SITE24-PECRT03-24,SITE24-PRTR01-24,6.71,100000,73776,SITE24-PECRT03-24:xe-0/0/3,SITE24-PRTR01-24:xe-0/0/3,169.254.4.6,169.254.4.7
SITE24-PECRT03-24,SITE24-PRTR02-24,4.45,10000,7741,SITE24-PECRT03-24:xe-0/0/2,SITE24-PRTR02-24:xe-0/0/2,169.254.4.8,169.254.4.9
SITE24-PERTR01-24,SITE24-PRTR01-24,8.43,100000,83380,SITE24-PERTR01-24:xe-0/0/2,SITE24-PRTR01-24:xe-0/0/3,169.254.4.10,169.254.4.11
SITE24-PERTR01-24,SITE24-PRTR02-24,3.11,10000,7253,SITE24-PERTR01-24:xe-0/0/2,SITE24-PRTR02-24:xe-0/0/1,169.254.4.12,169.254.4.13
SITE24-PERTR02-24,SITE24-PRTR01-24,11.36,40000,34328,SITE24-PERTR02-24:xe-0/0/1,SITE24-PRTR01-24:xe-0/0/3,169.254.4.14,169.254.4.15
SITE24-PERTR02-24,SITE24-PRTR02-24,4.49,40000,32053,SITE24-PERTR02-24:xe-0/0/2,SITE24-PRTR02-24:xe-0/0/2,169.254.4.16,169.254.4.17
SITE24-PRTR01-24,SITE24-PRTR02-24,2.34,100000,79666,SITE24-PRTR01-24:xe-0/0/3,SITE24-PRTR02-24:xe-0/0/2,169.254.4.18,169.254.4.19
SITE24-PRTR01-24,SITE25-PRTR01-25,11.5,10000,7284,SITE24-PRTR01-24:xe-0/0/2,SITE25-PRTR01-25:xe-0/0/0,169.254.4.20,169.254.4.21
SITE24-PRTR02-24,SITE25-PRTR02-25,4.81,40000,33084,SITE24-PRTR02-24:xe-0/0/3,SITE25-PRTR02-25:xe-0/0/1,169.254.4.22,169.254.4.23
SITE25-DRRTR01-25,SITE25-PRTR01-25,3.22,100000,72320,SITE25-DRRTR01-25:xe-0/0/2,SITE25-PRTR01-25:xe-0/0/1,169.254.4.24,169.254.4.25
SITE25-DRRTR01-25,SITE25-PRTR02-25,2.2,100000,80844,SITE25-DRRTR01-25:xe-0/0/1,SITE25-PRTR02-25:xe-0/0/0,169.254.4.26,169.254.4.27
SITE25-DRRTR02-25,SITE25-PRTR01-25,8.37,100000,71093,SITE25-DRRTR02-25:xe-0/0/1,SITE25-PRTR01-25:xe-0/0/0,169.254.4.28,169.254.4.29
SITE25-DRRTR02-25,SITE25-PRTR02-25,2.1,40000,33747,SITE25-DRRTR02-25:xe-0/0/0,SITE25-PRTR02-25:xe-0/0/1,169.254.4.30,169.254.4.31
SITE25-PECRT01-25,SITE25-PRTR01-25,1.06,100000,91403,SITE25-PECRT01-25:xe-0/0/1,SITE25-PRTR01-25:xe-0/0/3,169.254.4.32,169.254.4.33
SITE25-PECRT01-25,SITE25-PRTR02-25,8.18,40000,31156,SITE25-PECRT01-25:xe-0/0/1,SITE25-PRTR02-25:xe-0/0/2,169.254.4.34,169.254.4.35
SITE25-PECRT02-25,SITE25-PRTR01-25,4.53,100000,66597,SITE25-PECRT02-25:xe-0/0/0,SITE25-PRTR01-25:xe-0/0/1,169.254.4.36,169.254.4.37
SITE25-PECRT02-25,SITE25-PRTR02-25,6.89,100000,87958,SITE25-PECRT02-25:xe-0/0/0,SITE25-PRTR02-25:xe-0/0/1,169.254.4.38,169.254.4.39
SITE25-PERTR01-25,SITE25-PRTR01-25,5.6,10000,9021,SITE25-PERTR01-25:xe-0/0/0,SITE25-PRTR01-25:xe-0/0/3,169.254.4.40,169.254.4.41
SITE25-PERTR01-25,SITE25-PRTR02-25,9.67,10000,9028,SITE25-PERTR01-25:xe-0/0/2,SITE25-PRTR02-25:xe-0/0/0,169.254.4.42,169.254.4.43
SITE25-PERTR02-25,SITE25-PRTR01-25,1.1,100000,81275,SITE25-PERTR02-25:xe-0/0/2,SITE25-PRTR01-25:xe-0/0/2,169.254.4.44,169.254.4.45
SITE25-PERTR02-25,SITE25-PRTR02-25,6.0,100000,79669,SITE25-PERTR02-25:xe-0/0/3,SITE25-PRTR02-25:xe-0/0/1,169.254.4.46,169.254.4.47
SITE25-PRTR01-25,SITE25-PRTR02-25,10.36,40000,28946,SITE25-PRTR01-25:xe-0/0/0,SITE25-PRTR02-25:xe-0/0/2,169.254.4.48,169.254.4.49
SITE25-PRTR01-25,SITE26-PRTR01-26,2.79,40000,33001,SITE25-PRTR01-25:xe-0/0/1,SITE26-PRTR01-26:xe-0/0/0,169.254.4.50,169.254.4.51
SITE25-PRTR02-25,SITE26-PRTR02-26,9.1,40000,32132,SITE25-PRTR02-25:xe-0/0/1,SITE26-PRTR02-26:xe-0/0/1,169.254.4.52,169.254.4.53
SITE26-DRRTR01-26,SITE26-PRTR01-26,7.72,100000,89220,SITE26-DRRTR01-26:xe-0/0/3,SITE26-PRTR01-26:xe-0/0/2,169.254.4.54,169.254.4.55
SITE26-DRRTR01-26,SITE26-PRTR02-26,1.95,100000,67575,SITE26-DRRTR01-26:xe-0/0/1,SITE26-PRTR02-26:xe-0/0/3,169.254.4.56,169.254.4.57
SITE26-DRRTR02-26,SITE26-PRTR01-26,4.56,10000,6518,SITE26-DRRTR02-26:xe-0/0/3,SITE26-PRTR01-26:xe-0/0/1,169.254.4.58,169.254.4.59
SITE26-DRRTR02-26,SITE26-PRTR02-26,5.91,40000,36303,SITE26-DRRTR02-26:xe-0/0/2,SITE26-PRTR02-26:xe-0/0/0,169.254.4.60,169.254.4.61
SITE26-PECRT01-26,SITE26-PRTR01-26,3.88,40000,33481,SITE26-PECRT01-26:xe-0/0/0,SITE26-PRTR01-26:xe-0/0/0,169.254.4.62,169.254.4.63
SITE26-PECRT01-26,SITE26-PRTR02-26,6.12,10000,7594,SITE26-PECRT01-26:xe-0/0/2,SITE26-PRTR02-26:xe-0/0/0,169.254.4.64,169.254.4.65
SITE26-PECRT02-26,SITE26-PRTR01-26,8.03,40000,29969,SITE26-PECRT02-26:xe-0/0/1,SITE26-PRTR01-26:xe-0/0/1,169.254.4.66,169.254.4.67
SITE26-PECRT02-26,SITE26-PRTR02-26,11.53,40000,27654,SITE26-PECRT02-26:xe-0/0/2,SITE26-PRTR02-26:xe-0/0/3,169.254.4.68,169.254.4.69
SITE26-PECRT03-26,SITE26-PRTR01-26,8.72,40000,34179,SITE26-PECRT03-26:xe-0/0/1,SITE26-PRTR01-26:xe-0/0/1,169.254.4.70,169.254.4.71
SITE26-PECRT03-26,SITE26-PRTR02-26,8.48,100000,88574,SITE26-PECRT03-26:xe-0/0/0,SITE26-PRTR02-26:xe-0/0/3,169.254.4.72,169.254.4.73
SITE26-PERTR01-26,SITE26-PRTR01-26,6.81,40000,26843,SITE26-PERTR01-26:xe-0/0/0,SITE26-PRTR01-26:xe-0/0/0,169.254.4.74,169.254.4.75
SITE26-PERTR01-26,SITE26-PRTR02-26,10.12,100000,70458,SITE26-PERTR01-26:xe-0/0/1,SITE26-PRTR02-26:xe-0/0/1,169.254.4.76,169.254.4.77
SITE26-PERTR02-26,SITE26-PRTR01-26,4.61,100000,76929,SITE26-PERTR02-26:xe-0/0/1,SITE26-PRTR01-26:xe-0/0/3,169.254.4.78,169.254.4.79
SITE26-PERTR02-26,SITE26-PRTR02-26,2.0,100000,77028,SITE26-PERTR02-26:xe-0/0/0,SITE26-PRTR02-26:xe-0/0/3,169.254.4.80,169.254.4.81
SITE26-PRTR01-26,SITE26-PRTR02-26,2.45,40000,30933,SITE26-PRTR01-26:xe-0/0/0,SITE26-PRTR02-26:xe-0/0/3,169.254.4.82,169.254.4.83
SITE26-PRTR01-26,SITE27-PRTR01-27,8.4,40000,33811,SITE26-PRTR01-26:xe-0/0/3,SITE27-PRTR01-27:xe-0/0/2,169.254.4.84,169.254.4.85
SITE26-PRTR02-26,SITE27-PRTR02-27,9.98,100000,70883,SITE26-PRTR02-26:xe-0/0/0,SITE27-PRTR02-27:xe-0/0/0,169.254.4.86,169.254.4.87
SITE27-DRRTR01-27,SITE27-PRTR01-27,5.66,100000,66721,SITE27-DRRTR01-27:xe-0/0/0,SITE27-PRTR01-27:xe-0/0/0,169.254.4.88,169.254.4.89
SITE27-DRRTR01-27,SITE27-PRTR02-27,11.85,40000,26342,SITE27-DRRTR01-27:xe-0/0/3,SITE27-PRTR02-27:xe-0/0/1,169.254.4.90,169.254.4.91
SITE27-DRRTR02-27,SITE27-PRTR01-27,9.46,100000,91414,SITE27-DRRTR02-27:xe-0/0/3,SITE27-PRTR01-27:xe-0/0/2,169.254.4.92,169.254.4.93
SITE27-DRRTR02-27,SITE27-PRTR02-27,11.92,40000,30844,SITE27-DRRTR02-27:xe-0/0/3,SITE27-PRTR02-27:xe-0/0/3,169.254.4.94,169.254.4.95
SITE27-PECRT01-27,SITE27-PRTR01-27,1.88,100000,88612,SITE27-PECRT01-27:xe-0/0/1,SITE27-PRTR01-27:xe-0/0/2,169.254.4.96,169.254.4.97
SITE27-PECRT01-27,SITE27-PRTR02-27,2.3,100000,75612,SITE27-PECRT01-27:xe-0/0/1,SITE27-PRTR02-27:xe-0/0/1,169.254.4.98,169.254.4.99
SITE27-PECRT02-27,SITE27-PRTR01-27,10.18,10000,9141,SITE27-PECRT02-27:xe-0/0/3,SITE27-PRTR01-27:xe-0/0/3,169.254.4.100,169.254.4.101
SITE27-PECRT02-27,SITE27-PRTR02-27,6.85,10000,7168,SITE27-PECRT02-27:xe-0/0/2,SITE27-PRTR02-27:xe-0/0/1,169.254.4.102,169.254.4.103
SITE27-PERTR01-27,SITE27-PRTR01-27,4.03,100000,85668,SITE27-PERTR01-27:xe-0/0/0,SITE27-PRTR01-27:xe-0/0/3,169.254.4.104,169.254.4.105
SITE27-PERTR01-27,SITE27-PRTR02-27,7.76,10000,7149,SITE27-PERTR01-27:xe-0/0/0,SITE27-PRTR02-27:xe-0/0/0,169.254.4.106,169.254.4.107
SITE27-PERTR02-27,SITE27-PRTR01-27,7.53,40000,32456,SITE27-PERTR02-27:xe-0/0/0,SITE27-PRTR01-27:xe-0/0/1,169.254.4.108,169.254.4.109
SITE27-PERTR02-27,SITE27-PRTR02-27,9.15,40000,30740,SITE27-PERTR02-27:xe-0/0/1,SITE27-PRTR02-27:xe-0/0/0,169.254.4.110,169.254.4.111
SITE27-PRTR01-27,SITE27-PRTR02-27,2.54,40000,28528,SITE27-PRTR01-27:xe-0/0/2,SITE27-PRTR02-27:xe-0/0/2,169.254.4.112,169.254.4.113
SITE27-PRTR01-27,SITE28-PRTR01-28,3.61,10000,9161,SITE27-PRTR01-27:xe-0/0/1,SITE28-PRTR01-28:xe-0/0/3,169.254.4.114,169.254.4.115
SITE27-PRTR02-27,SITE28-PRTR02-28,4.31,10000,8003,SITE27-PRTR02-27:xe-0/0/1,SITE28-PRTR02-28:xe-0/0/3,169.254.4.116,169.254.4.117
SITE28-DRRTR01-28,SITE28-PRTR01-28,7.11,10000,9125,SITE28-DRRTR01-28:xe-0/0/3,SITE28-PRTR01-28:xe-0/0/2,169.254.4.118,169.254.4.119
SITE28-DRRTR01-28,SITE28-PRTR02-28,8.66,40000,27611,SITE28-DRRTR01-28:xe-0/0/3,SITE28-PRTR02-28:xe-0/0/1,169.254.4.120,169.254.4.121
SITE28-DRRTR02-28,SITE28-PRTR01-28,9.3,40000,28602,SITE28-DRRTR02-28:xe-0/0/1,SITE28-PRTR01-28:xe-0/0/2,169.254.4.122,169.254.4.123
SITE28-DRRTR02-28,SITE28-PRTR02-28,10.43,10000,8675,SITE28-DRRTR02-28:xe-0/0/0,SITE28-PRTR02-28:xe-0/0/3,169.254.4.124,169.254.4.125
SITE28-PECRT01-28,SITE28-PRTR01-28,11.65,100000,79309,SITE28-PECRT01-28:xe-0/0/3,SITE28-PRTR01-28:xe-0/0/1,169.254.4.126,169.254.4.127
SITE28-PECRT01-28,SITE28-PRTR02-28,3.8,40000,32984,SITE28-PECRT01-28:xe-0/0/3,SITE28-PRTR02-28:xe-0/0/2,169.254.4.128,169.254.4.129
SITE28-PECRT02-28,SITE28-PRTR01-28,2.02,100000,87393,SITE28-PECRT02-28:xe-0/0/0,SITE28-PRTR01-28:xe-0/0/2,169.254.4.130,169.254.4.131
SITE28-PECRT02-28,SITE28-PRTR02-28,5.15,100000,81278,SITE28-PECRT02-28:xe-0/0/0,SITE28-PRTR02-28:xe-0/0/1,169.254.4.132,169.254.4.133
SITE28-PECRT03-28,SITE28-PRTR01-28,9.85,100000,84556,SITE28-PECRT03-28:xe-0/0/1,SITE28-PRTR01-28:xe-0/0/3,169.254.4.134,169.254.4.135
SITE28-PECRT03-28,SITE28-PRTR02-28,3.3,40000,29274,SITE28-PECRT03-28:xe-0/0/0,SITE28-PRTR02-28:xe-0/0/1,169.254.4.136,169.254.4.137
SITE28-PERTR01-28,SITE28-PRTR01-28,11.31,100000,68167,SITE28-PERTR01-28:xe-0/0/3,SITE28-PRTR01-28:xe-0/0/1,169.254.4.138,169.254.4.139
SITE28-PERTR01-28,SITE28-PRTR02-28,8.65,100000,70521,SITE28-PERTR01-28:xe-0/0/1,SITE28-PRTR02-28:xe-0/0/2,169.254.4.140,169.254.4.141
SITE28-PERTR02-28,SITE28-PRTR01-28,9.53,40000,31035,SITE28-PERTR02-28:xe-0/0/2,SITE28-PRTR01-28:xe-0/0/2,169.254.4.142,169.254.4.143
SITE28-PERTR02-28,SITE28-PRTR02-28,3.88,100000,88835,SITE28-PERTR02-28:xe-0/0/3,SITE28-PRTR02-28:xe-0/0/0,169.254.4.144,169.254.4.145
SITE28-PRTR01-28,SITE28-PRTR02-28,9.83,100000,77676,SITE28-PRTR01-28:xe-0/0/2,SITE28-PRTR02-28:xe-0/0/1,169.254.4.146,169.254.4.147
SITE28-PRTR01-28,SITE29-PRTR01-29,5.08,40000,26493,SITE28-PRTR01-28:xe-0/0/1,SITE29-PRTR01-29:xe-0/0/1,169.254.4.148,169.254.4.149
SITE28-PRTR02-28,SITE29-PRTR02-29,1.18,100000,90238,SITE28-PRTR02-28:xe-0/0/3,SITE29-PRTR02-29:xe-0/0/2,169.254.4.150,169.254.4.151
SITE29-DRRTR01-29,SITE29-PRTR01-29,2.68,40000,28484,SITE29-DRRTR01-29:xe-0/0/1,SITE29-PRTR01-29:xe-0/0/3,169.254.4.152,169.254.4.153
SITE29-DRRTR01-29,SITE29-PRTR02-29,7.06,100000,74114,SITE29-DRRTR01-29:xe-0/0/3,SITE29-PRTR02-29:xe-0/0/3,169.254.4.154,169.254.4.155
SITE29-DRRTR02-29,SITE29-PRTR01-29,6.07,100000,86464,SITE29-DRRTR02-29:xe-0/0/1,SITE29-PRTR01-29:xe-0/0/1,169.254.4.156,169.254.4.157
SITE29-DRRTR02-29,SITE29-PRTR02-29,8.92,40000,27987,SITE29-DRRTR02-29:xe-0/0/0,SITE29-PRTR02-29:xe-0/0/0,169.254.4.158,169.254.4.159
SITE29-PECRT01-29,SITE29-PRTR01-29,10.23,10000,9052,SITE29-PECRT01-29:xe-0/0/0,SITE29-PRTR01-29:xe-0/0/0,169.254.4.160,169.254.4.161
SITE29-PECRT01-29,SITE29-PRTR02-29,5.54,100000,71248,SITE29-PECRT01-29:xe-0/0/1,SITE29-PRTR02-29:xe-0/0/0,169.254.4.162,169.254.4.163
SITE29-PECRT02-29,SITE29-PRTR01-29,3.41,40000,30030,SITE29-PECRT02-29:xe-0/0/3,SITE29-PRTR01-29:xe-0/0/3,169.254.4.164,169.254.4.165
SITE29-PECRT02-29,SITE29-PRTR02-29,1.17,100000,79894,SITE29-PECRT02-29:xe-0/0/0,SITE29-PRTR02-29:xe-0/0/0,169.254.4.166,169.254.4.167
SITE29-PERTR01-29,SITE29-PRTR01-29,6.82,40000,31785,SITE29-PERTR01-29:xe-0/0/2,SITE29-PRTR01-29:xe-0/0/0,169.254.4.168,169.254.4.169
SITE29-PERTR01-29,SITE29-PRTR02-29,6.52,100000,83198,SITE29-PERTR01-29:xe-0/0/1,SITE29-PRTR02-29:xe-0/0/0,169.254.4.170,169.254.4.171
SITE29-PERTR02-29,SITE29-PRTR01-29,11.1,100000,69020,SITE29-PERTR02-29:xe-0/0/1,SITE29-PRTR01-29:xe-0/0/2,169.254.4.172,169.254.4.173
SITE29-PERTR02-29,SITE29-PRTR02-29,9.97,40000,34585,SITE29-PERTR02-29:xe-0/0/0,SITE29-PRTR02-29:xe-0/0/2,169.254.4.174,169.254.4.175
SITE29-PRTR01-29,SITE29-PRTR02-29,11.55,40000,32102,SITE29-PRTR01-29:xe-0/0/1,SITE29-PRTR02-29:xe-0/0/2,169.254.4.176,169.254.4.177
SITE29-PRTR01-29,SITE30-PRTR01-30,8.52,10000,8265,SITE29-PRTR01-29:xe-0/0/0,SITE30-PRTR01-30:xe-0/0/0,169.254.4.178,169.254.4.179
SITE29-PRTR02-29,SITE30-PRTR02-30,5.46,40000,31969,SITE29-PRTR02-29:xe-0/0/0,SITE30-PRTR02-30:xe-0/0/0,169.254.4.180,169.254.4.181
SITE30-DRRTR01-30,SITE30-PRTR01-30,8.73,10000,7849,SITE30-DRRTR01-30:xe-0/0/3,SITE30-PRTR01-30:xe-0/0/2,169.254.4.182,169.254.4.183
SITE30-DRRTR01-30,SITE30-PRTR02-30,7.22,10000,8915,SITE30-DRRTR01-30:xe-0/0/0,SITE30-PRTR02-30:xe-0/0/1,169.254.4.184,169.254.4.185
SITE30-DRRTR02-30,SITE30-PRTR01-30,3.33,100000,88963,SITE30-DRRTR02-30:xe-0/0/3,SITE30-PRTR01-30:xe-0/0/2,169.254.4.186,169.254.4.187
SITE30-DRRTR02-30,SITE30-PRTR02-30,1.51,10000,8347,SITE30-DRRTR02-30:xe-0/0/2,SITE30-PRTR02-30:xe-0/0/0,169.254.4.188,169.254.4.189
SITE30-PECRT01-30,SITE30-PRTR01-30,2.97,40000,26169,SITE30-PECRT01-30:xe-0/0/1,SITE30-PRTR01-30:xe-0/0/1,169.254.4.190,169.254.4.191
SITE30-PECRT01-30,SITE30-PRTR02-30,9.27,100000,87164,SITE30-PECRT01-30:xe-0/0/0,SITE30-PRTR02-30:xe-0/0/2,169.254.4.192,169.254.4.193
SITE30-PECRT02-30,SITE30-PRTR01-30,2.79,10000,8030,SITE30-PECRT02-30:xe-0/0/3,SITE30-PRTR01-30:xe-0/0/2,169.254.4.194,169.254.4.195
SITE30-PECRT02-30,SITE30-PRTR02-30,5.22,100000,68778,SITE30-PECRT02-30:xe-0/0/0,SITE30-PRTR02-30:xe-0/0/2,169.254.4.196,169.254.4.197
SITE30-PECRT03-30,SITE30-PRTR01-30,1.59,40000,28507,SITE30-PECRT03-30:xe-0/0/0,SITE30-PRTR01-30:xe-0/0/2,169.254.4.198,169.254.4.199
SITE30-PECRT03-30,SITE30-PRTR02-30,7.66,100000,90781,SITE30-PECRT03-30:xe-0/0/3,SITE30-PRTR02-30:xe-0/0/2,169.254.4.200,169.254.4.201
SITE30-PERTR01-30,SITE30-PRTR01-30,1.33,40000,34462,SITE30-PERTR01-30:xe-0/0/3,SITE30-PRTR01-30:xe-0/0/3,169.254.4.202,169.254.4.203
SITE30-PERTR01-30,SITE30-PRTR02-30,3.51,100000,90410,SITE30-PERTR01-30:xe-0/0/3,SITE30-PRTR02-30:xe-0/0/1,169.254.4.204,169.254.4.205
SITE30-PERTR02-30,SITE30-PRTR01-30,8.48,100000,75261,SITE30-PERTR02-30:xe-0/0/2,SITE30-PRTR01-30:xe-0/0/1,169.254.4.206,169.254.4.207
SITE30-PERTR02-30,SITE30-PRTR02-30,8.84,10000,7223,SITE30-PERTR02-30:xe-0/0/3,SITE30-PRTR02-30:xe-0/0/1,169.254.4.208,169.254.4.209
SITE30-PRTR01-30,SITE30-PRTR02-30,9.14,40000,29895,SITE30-PRTR01-30:xe-0/0/0,SITE30-PRTR02-30:xe-0/0/0,169.254.4.210,169.254.4.211
